Lipid,Sample_ID,db,Parent_Ion,Product_Ion,Retention_Time,OzESI_Intensity,Match_Group,Cage,Mouse,Genotype,Biology,Group_Sample,FAC,TG,Group,Max_Intensity,Cluster_RT,Cluster_Ground_Truth_Dif,Area,Area_DDT,Area_DDT_Ratio,SLBG_group
[TG(52:5)]_FA16:1,11292023_DOD94_F4_5xFAD_cereb_O3on_01,n-7,788.7,599.5,12.24,1418.0,1468,DOD94,DOD94_F4,5xFAD,cereb,-1,FA16:1,TG(52:5),48,1418.0,12.2375,0.11249999999999893,211.0,205.0,0.0,8
[TG(52:5)]_FA16:1,11292023_FAD185_M3_5xFAD_cereb_O3on_01,n-7,788.7,599.5,12.02,32122.0,1476,FAD185,FAD185_M3,5xFAD,cereb,-1,FA16:1,TG(52:5),49,32122.0,12.015183333333335,0.334816666666665,2813.0,2745.0,0.05,9
[TG(52:5)]_FA16:1,11292023_FAD185_M3_5xFAD_cereb_O3on_01,n-9,760.7,599.5,12.11,1845.0,876,FAD185,FAD185_M3,5xFAD,cereb,-1,FA16:1,TG(52:5),55,1845.0,12.1119,0.2380999999999993,152.0,127.0,0.05,9
[TG(52:5)]_FA16:1,11292023_FAD189_M1_5xFAD_cereb_O3on_01,n-7,788.7,599.5,12.28,27260.0,1480,FAD189,FAD189_M1,5xFAD,cereb,-1,FA16:1,TG(52:5),50,27260.0,12.281633333333334,0.06836666666666602,3551.0,3417.0,0.06,11
[TG(52:5)]_FA16:1,11292023_FAD189_M1_5xFAD_cereb_O3on_01,n-9,760.7,599.5,12.42,1812.0,880,FAD189,FAD189_M1,5xFAD,cereb,-1,FA16:1,TG(52:5),56,1812.0,12.422766666666668,0.0727666666666682,257.0,218.0,0.06,11
[TG(52:5)]_FA16:1,11292023_FAD189_M1_5xFAD_cortex_O3on_01,n-7,788.7,599.5,12.28,30704.0,1481,FAD189,FAD189_M1,5xFAD,cortex,-1,FA16:1,TG(52:5),51,30704.0,12.281616666666666,0.06838333333333324,4033.0,3458.0,0.08,12
[TG(52:5)]_FA16:1,11292023_FAD189_M1_5xFAD_cortex_O3on_01,n-9,760.7,599.5,12.33,2195.0,881,FAD189,FAD189_M1,5xFAD,cortex,-1,FA16:1,TG(52:5),57,2195.0,12.333916666666667,0.01608333333333256,276.0,261.0,0.08,12
[TG(52:5)]_FA16:1,11292023_FAD189_M2_5xFAD_cortex_O3on_01,n-7,788.7,599.5,12.02,5244.0,1485,FAD189,FAD189_M2,5xFAD,cortex,-1,FA16:1,TG(52:5),52,5244.0,12.015183333333335,0.334816666666665,398.0,383.0,0.15,13
[TG(52:5)]_FA16:1,11292023_FAD189_M2_5xFAD_cortex_O3on_01,n-9,760.7,599.5,12.11,1003.0,885,FAD189,FAD189_M2,5xFAD,cortex,-1,FA16:1,TG(52:5),58,1003.0,12.111883333333333,0.23811666666666653,84.0,58.0,0.15,13
[TG(52:5)]_FA16:1,11292023_FAD185_M3_5xFAD_dienc_O3on_01,n-7,788.7,599.5,12.02,18752.0,1478,FAD185,FAD185_M3,5xFAD,dienc,-1,FA16:1,TG(52:5),53,18752.0,12.015466666666667,0.3345333333333329,1439.0,1360.0,0.04,10
[TG(52:5)]_FA16:1,11292023_FAD185_M3_5xFAD_dienc_O3on_01,n-9,760.7,599.5,12.11,734.0,878,FAD185,FAD185_M3,5xFAD,dienc,-1,FA16:1,TG(52:5),59,734.0,12.111916666666668,0.2380833333333321,81.0,55.0,0.04,10
"[TG(55:11),TG(54:4)]_FA16:1",11292023_FAD185_M3_5xFAD_dienc_O3on_01,n-7,818.7,629.5,14.4,1822.0,2174,FAD185,FAD185_M3,5xFAD,dienc,-1,FA16:1,"TG(54:4), TG(55:11)",282,1822.0,14.404066666666667,0.035933333333332484,179.0,145.0,0.0,64
[TG(50:3)]_FA18:1,11292023_DOD94_F4_5xFAD_cereb_O3on_01,n-9,736.7,547.5,13.49,2048.0,508,DOD94,DOD94_F4,5xFAD,cereb,-1,FA18:1,TG(50:3),27,2048.0,13.493233333333334,0.05676666666666641,461.0,402.0,,0
[TG(50:3)]_FA18:1,11292023_FAD185_M3_5xFAD_cereb_O3on_01,n-7,764.7,547.5,13.27,644.0,948,FAD185,FAD185_M3,5xFAD,cereb,-1,FA18:1,TG(50:3),19,644.0,13.265583333333334,0.284416666666667,94.0,76.0,8.47,2
[TG(50:3)]_FA18:1,11292023_FAD185_M3_5xFAD_cereb_O3on_01,n-9,736.7,547.5,13.4,3761.0,516,FAD185,FAD185_M3,5xFAD,cereb,-1,FA18:1,TG(50:3),28,3761.0,13.404383333333334,0.14561666666666717,652.0,644.0,8.47,2
[TG(50:3)]_FA18:1,11292023_FAD189_M1_5xFAD_cereb_O3on_01,n-9,736.7,547.5,13.67,3350.0,520,FAD189,FAD189_M1,5xFAD,cereb,-1,FA18:1,TG(50:3),29,3350.0,13.670850000000002,0.12085000000000079,778.0,736.0,,5
[TG(50:3)]_FA18:1,11292023_DOD94_F4_5xFAD_cortex_O3on_01,n-9,736.7,547.5,13.58,1122.0,509,DOD94,DOD94_F4,5xFAD,cortex,-1,FA18:1,TG(50:3),30,1122.0,13.582016666666668,0.03201666666666725,251.0,197.0,,1
[TG(50:3)]_FA18:1,11292023_FAD189_M1_5xFAD_cortex_O3on_01,n-7,764.7,547.5,13.49,406.0,953,FAD189,FAD189_M1,5xFAD,cortex,-1,FA18:1,TG(50:3),22,406.0,13.4876,0.06240000000000023,68.0,53.0,15.62,6
[TG(50:3)]_FA18:1,11292023_FAD189_M1_5xFAD_cortex_O3on_01,n-9,736.7,547.5,13.63,4647.0,521,FAD189,FAD189_M1,5xFAD,cortex,-1,FA18:1,TG(50:3),31,4647.0,13.626416666666668,0.0764166666666668,869.0,828.0,15.62,6
[TG(50:3)]_FA18:1,11292023_FAD189_M2_5xFAD_cortex_O3on_01,n-9,736.7,547.5,13.23,645.0,525,FAD189,FAD189_M2,5xFAD,cortex,-1,FA18:1,TG(50:3),32,645.0,13.226766666666668,0.3232333333333326,128.0,159.0,,7
[TG(50:3)]_FA18:1,11292023_FAD185_M3_5xFAD_dienc_O3on_01,n-9,736.7,547.5,13.4,2396.0,518,FAD185,FAD185_M3,5xFAD,dienc,-1,FA18:1,TG(50:3),33,2396.0,13.404416666666668,0.14558333333333273,347.0,354.0,,3
[TG(50:3)]_FA18:1,11292023_FAD185_M3_5xFAD_hippo_O3on_01,n-9,736.7,547.5,13.36,696.0,519,FAD185,FAD185_M3,5xFAD,hippo,-1,FA18:1,TG(50:3),35,696.0,13.360000000000001,0.1899999999999995,121.0,109.0,,4
[TG(54:5)]_FA18:1,11292023_DOD93_F4_5xFAD_cereb_O3on_01,n-9,788.7,599.5,13.48,967.0,1464,DOD93,DOD93_F4,5xFAD,cereb,-1,FA18:1,TG(54:5),140,967.0,13.480633333333333,0.020633333333332615,104.0,101.0,,14
[TG(54:5)]_FA18:1,11292023_DOD94_F4_5xFAD_cereb_O3on_01,n-7,816.7,599.5,13.38,423.0,2092,DOD94,DOD94_F4,5xFAD,cereb,-1,FA18:1,TG(54:5),117,423.0,13.383550000000001,0.07644999999999946,39.0,13.0,37.23,18
[TG(54:5)]_FA18:1,11292023_DOD94_F4_5xFAD_cereb_O3on_01,n-9,788.7,599.5,13.48,3508.0,1468,DOD94,DOD94_F4,5xFAD,cereb,-1,FA18:1,TG(54:5),141,3508.0,13.480633333333333,0.020633333333332615,467.0,484.0,37.23,18
[TG(54:5)]_FA18:1,11292023_FAD185_M1_5xFAD_cereb_O3on_01,n-9,788.7,599.5,13.48,1967.0,1472,FAD185,FAD185_M1,5xFAD,cereb,-1,FA18:1,TG(54:5),142,1967.0,13.480616666666668,0.02061666666666717,272.0,214.0,,22
[TG(54:5)]_FA18:1,11292023_FAD185_M3_5xFAD_cereb_O3on_01,n-7,816.7,599.5,13.16,1828.0,2100,FAD185,FAD185_M3,5xFAD,cereb,-1,FA18:1,TG(54:5),119,1828.0,13.1615,0.29850000000000065,349.0,291.0,11.01,26
[TG(54:5)]_FA18:1,11292023_FAD185_M3_5xFAD_cereb_O3on_01,n-9,788.7,599.5,13.26,33090.0,1476,FAD185,FAD185_M3,5xFAD,cereb,-1,FA18:1,TG(54:5),143,33090.0,13.258566666666667,0.20143333333333402,3526.0,3204.0,11.01,26
[TG(54:5)]_FA18:1,11292023_FAD189_M1_5xFAD_cereb_O3on_01,n-7,816.7,599.5,13.43,1792.0,2104,FAD189,FAD189_M1,5xFAD,cereb,-1,FA18:1,TG(54:5),120,1792.0,13.427950000000001,0.03204999999999991,289.0,235.0,13.49,29
[TG(54:5)]_FA18:1,11292023_FAD189_M1_5xFAD_cereb_O3on_01,n-9,788.7,599.5,13.53,24908.0,1480,FAD189,FAD189_M1,5xFAD,cereb,-1,FA18:1,TG(54:5),144,24908.0,13.525033333333335,0.06503333333333394,3190.0,3169.0,13.49,29
[TG(54:5)]_FA18:1,11292023_FAD189_M2_5xFAD_cereb_O3on_01,n-7,816.7,599.5,13.16,2979.0,2108,FAD189,FAD189_M2,5xFAD,cereb,-1,FA18:1,TG(54:5),121,2979.0,13.1615,0.29850000000000065,324.0,316.0,10.89,33
[TG(54:5)]_FA18:1,11292023_FAD189_M2_5xFAD_cereb_O3on_01,n-9,788.7,599.5,13.21,22698.0,1484,FAD189,FAD189_M2,5xFAD,cereb,-1,FA18:1,TG(54:5),145,22698.0,13.214166666666667,0.24583333333333357,3536.0,3441.0,10.89,33
[TG(54:5)]_FA18:1,11292023_DOD93_F4_5xFAD_cortex_O3on_01,n-9,788.7,599.5,13.53,1047.0,1465,DOD93,DOD93_F4,5xFAD,cortex,-1,FA18:1,TG(54:5),146,1047.0,13.525300000000001,0.06530000000000058,172.0,246.0,,15
[TG(54:5)]_FA18:1,11292023_DOD94_F4_5xFAD_cortex_O3on_01,n-9,788.7,599.5,13.48,1140.0,1469,DOD94,DOD94_F4,5xFAD,cortex,-1,FA18:1,TG(54:5),147,1140.0,13.480866666666667,0.02086666666666659,161.0,158.0,,19
[TG(54:5)]_FA18:1,11292023_FAD185_M1_5xFAD_cortex_O3on_01,n-9,788.7,599.5,13.48,4133.0,1473,FAD185,FAD185_M1,5xFAD,cortex,-1,FA18:1,TG(54:5),148,4133.0,13.480633333333333,0.020633333333332615,406.0,544.0,,23
[TG(54:5)]_FA18:1,11292023_FAD189_M1_5xFAD_cortex_O3on_01,n-7,816.7,599.5,13.47,1563.0,2105,FAD189,FAD189_M1,5xFAD,cortex,-1,FA18:1,TG(54:5),126,1563.0,13.472333333333333,0.012333333333332419,299.0,275.0,13.11,30
[TG(54:5)]_FA18:1,11292023_FAD189_M1_5xFAD_cortex_O3on_01,n-9,788.7,599.5,13.52,25526.0,1481,FAD189,FAD189_M1,5xFAD,cortex,-1,FA18:1,TG(54:5),150,25526.0,13.525,0.0649999999999995,3728.0,3606.0,13.11,30
[TG(54:5)]_FA18:1,11292023_FAD189_M2_5xFAD_cortex_O3on_01,n-7,816.7,599.5,13.21,632.0,2109,FAD189,FAD189_M2,5xFAD,cortex,-1,FA18:1,TG(54:5),127,632.0,13.205916666666667,0.2540833333333339,59.0,36.0,13.08,34
[TG(54:5)]_FA18:1,11292023_FAD189_M2_5xFAD_cortex_O3on_01,n-9,788.7,599.5,13.26,6331.0,1485,FAD189,FAD189_M2,5xFAD,cortex,-1,FA18:1,TG(54:5),151,6331.0,13.25885,0.20115000000000016,455.0,471.0,13.08,34
[TG(54:5)]_FA18:1,11292023_DOD93_F4_5xFAD_dienc_O3on_01,n-9,788.7,599.5,13.48,1571.0,1466,DOD93,DOD93_F4,5xFAD,dienc,-1,FA18:1,TG(54:5),152,1571.0,13.480616666666668,0.02061666666666717,205.0,203.0,,16
[TG(54:5)]_FA18:1,11292023_DOD94_F4_5xFAD_dienc_O3on_01,n-9,788.7,599.5,13.66,640.0,1470,DOD94,DOD94_F4,5xFAD,dienc,-1,FA18:1,TG(54:5),153,640.0,13.6585,0.19849999999999923,102.0,94.0,,20
[TG(54:5)]_FA18:1,11292023_FAD185_M1_5xFAD_dienc_O3on_01,n-9,788.7,599.5,13.48,2224.0,1474,FAD185,FAD185_M1,5xFAD,dienc,-1,FA18:1,TG(54:5),154,2224.0,13.480883333333335,0.02088333333333381,222.0,210.0,,24
[TG(54:5)]_FA18:1,11292023_FAD185_M3_5xFAD_dienc_O3on_01,n-7,816.7,599.5,13.21,3479.0,2102,FAD185,FAD185_M3,5xFAD,dienc,-1,FA18:1,TG(54:5),131,3479.0,13.205916666666667,0.2540833333333339,296.0,265.0,8.29,27
[TG(54:5)]_FA18:1,11292023_FAD185_M3_5xFAD_dienc_O3on_01,n-9,788.7,599.5,13.26,25065.0,1478,FAD185,FAD185_M3,5xFAD,dienc,-1,FA18:1,TG(54:5),155,25065.0,13.258600000000001,0.20139999999999958,2375.0,2198.0,8.29,27
[TG(54:5)]_FA18:1,11292023_FAD189_M1_5xFAD_dienc_O3on_01,n-7,816.7,599.5,13.47,761.0,2106,FAD189,FAD189_M1,5xFAD,dienc,-1,FA18:1,TG(54:5),132,761.0,13.472366666666668,0.012366666666666859,95.0,98.0,5.94,31
[TG(54:5)]_FA18:1,11292023_FAD189_M1_5xFAD_dienc_O3on_01,n-9,788.7,599.5,13.53,5131.0,1482,FAD189,FAD189_M1,5xFAD,dienc,-1,FA18:1,TG(54:5),156,5131.0,13.52505,0.06504999999999939,587.0,582.0,5.94,31
[TG(54:5)]_FA18:1,11292023_DOD93_F4_5xFAD_hippo_O3on_01,n-9,788.7,599.5,13.66,483.0,1467,DOD93,DOD93_F4,5xFAD,hippo,-1,FA18:1,TG(54:5),158,483.0,13.658516666666667,0.19851666666666645,97.0,122.0,,17
[TG(54:5)]_FA18:1,11292023_DOD94_F4_5xFAD_hippo_O3on_01,n-9,788.7,599.5,13.57,623.0,1471,DOD94,DOD94_F4,5xFAD,hippo,-1,FA18:1,TG(54:5),159,623.0,13.569433333333334,0.1094333333333335,100.0,150.0,,21
[TG(54:5)]_FA18:1,11292023_FAD185_M1_5xFAD_hippo_O3on_01,n-9,788.7,599.5,13.48,920.0,1475,FAD185,FAD185_M1,5xFAD,hippo,-1,FA18:1,TG(54:5),160,920.0,13.4809,0.020899999999999253,163.0,152.0,,25
[TG(54:5)]_FA18:1,11292023_FAD185_M3_5xFAD_hippo_O3on_01,n-7,816.7,599.5,13.25,430.0,2103,FAD185,FAD185_M3,5xFAD,hippo,-1,FA18:1,TG(54:5),137,430.0,13.250333333333334,0.2096666666666671,52.0,17.0,40.35,28
[TG(54:5)]_FA18:1,11292023_FAD185_M3_5xFAD_hippo_O3on_01,n-9,788.7,599.5,13.26,8419.0,1479,FAD185,FAD185_M3,5xFAD,hippo,-1,FA18:1,TG(54:5),161,8419.0,13.258600000000001,0.20139999999999958,703.0,686.0,40.35,28
[TG(54:5)]_FA18:1,11292023_FAD189_M1_5xFAD_hippo_O3on_01,n-9,788.7,599.5,13.53,1241.0,1483,FAD189,FAD189_M1,5xFAD,hippo,-1,FA18:1,TG(54:5),162,1241.0,13.525016666666668,0.06501666666666672,173.0,238.0,,32
[TG(54:5)]_FA18:1,11292023_FAD189_M2_5xFAD_hippo_O3on_01,n-9,788.7,599.5,13.26,815.0,1487,FAD189,FAD189_M2,5xFAD,hippo,-1,FA18:1,TG(54:5),163,815.0,13.258566666666667,0.20143333333333402,81.0,67.0,,35
[TG(54:6)]_FA18:1,11292023_FAD185_M3_5xFAD_cereb_O3on_01,n-7,814.7,597.5,12.1,518.0,2052,FAD185,FAD185_M3,5xFAD,cereb,-1,FA18:1,TG(54:6),174,518.0,12.096316666666667,0.033683333333334176,62.0,22.0,9.86,36
[TG(54:6)]_FA18:1,11292023_FAD185_M3_5xFAD_cereb_O3on_01,n-9,786.7,597.5,12.15,2634.0,1452,FAD185,FAD185_M3,5xFAD,cereb,-1,FA18:1,TG(54:6),179,2634.0,12.148966666666666,0.018966666666665688,239.0,217.0,9.86,36
[TG(54:6)]_FA18:1,11292023_FAD189_M1_5xFAD_cereb_O3on_01,n-9,786.7,597.5,12.46,3179.0,1456,FAD189,FAD189_M1,5xFAD,cereb,-1,FA18:1,TG(54:6),180,3179.0,12.459833333333334,0.3298333333333332,450.0,430.0,,38
[TG(54:6)]_FA18:1,11292023_FAD189_M1_5xFAD_cortex_O3on_01,n-9,786.7,597.5,12.46,2368.0,1457,FAD189,FAD189_M1,5xFAD,cortex,-1,FA18:1,TG(54:6),181,2368.0,12.459800000000001,0.32980000000000054,399.0,385.0,,39
[TG(54:6)]_FA18:1,11292023_FAD189_M2_5xFAD_cortex_O3on_01,n-9,786.7,597.5,12.15,1109.0,1461,FAD189,FAD189_M2,5xFAD,cortex,-1,FA18:1,TG(54:6),182,1109.0,12.148966666666666,0.018966666666665688,90.0,63.0,,40
[TG(54:6)]_FA18:1,11292023_FAD185_M3_5xFAD_dienc_O3on_01,n-9,786.7,597.5,12.19,1487.0,1454,FAD185,FAD185_M3,5xFAD,dienc,-1,FA18:1,TG(54:6),183,1487.0,12.193383333333333,0.06338333333333246,145.0,124.0,,37
"[TG(55:10),TG(54:3)]_FA18:1",11292023_DOD93_F4_5xFAD_cereb_O3on_01,n-7,820.7,603.5,15.78,442.0,2184,DOD93,DOD93_F4,5xFAD,cereb,-1,FA18:1,"TG(54:3), TG(55:10)",232,442.0,15.780083333333334,0.07991666666666575,47.0,14.0,140.07,41
"[TG(55:10),TG(54:3)]_FA18:1",11292023_DOD93_F4_5xFAD_cereb_O3on_01,n-9,792.7,603.5,15.88,9306.0,1584,DOD93,DOD93_F4,5xFAD,cereb,-1,FA18:1,"TG(54:3), TG(55:10)",256,9306.0,15.877116666666668,0.017116666666668223,2035.0,1961.0,140.07,41
"[TG(55:10),TG(54:3)]_FA18:1",11292023_DOD94_F4_5xFAD_cereb_O3on_01,n-7,820.7,603.5,15.78,1092.0,2188,DOD94,DOD94_F4,5xFAD,cereb,-1,FA18:1,"TG(54:3), TG(55:10)",233,1092.0,15.780083333333334,0.07991666666666575,119.0,92.0,33.05,45
"[TG(55:10),TG(54:3)]_FA18:1",11292023_DOD94_F4_5xFAD_cereb_O3on_01,n-9,792.7,603.5,15.79,15770.0,1588,DOD94,DOD94_F4,5xFAD,cereb,-1,FA18:1,"TG(54:3), TG(55:10)",257,15770.0,15.788300000000001,0.0716999999999981,3167.0,3041.0,33.05,45
"[TG(55:10),TG(54:3)]_FA18:1",11292023_FAD185_M1_5xFAD_cereb_O3on_01,n-7,820.7,603.5,15.78,495.0,2192,FAD185,FAD185_M1,5xFAD,cereb,-1,FA18:1,"TG(54:3), TG(55:10)",234,495.0,15.780083333333334,0.07991666666666575,88.0,104.0,19.55,49
"[TG(55:10),TG(54:3)]_FA18:1",11292023_FAD185_M1_5xFAD_cereb_O3on_01,n-9,792.7,603.5,15.83,7610.0,1592,FAD185,FAD185_M1,5xFAD,cereb,-1,FA18:1,"TG(54:3), TG(55:10)",258,7610.0,15.8327,0.027299999999998548,2147.0,2033.0,19.55,49
"[TG(55:10),TG(54:3)]_FA18:1",11292023_FAD185_M3_5xFAD_cereb_O3on_01,n-7,820.7,603.5,15.6,7341.0,2196,FAD185,FAD185_M3,5xFAD,cereb,-1,FA18:1,"TG(54:3), TG(55:10)",235,7341.0,15.602433333333334,0.2575666666666656,821.0,801.0,13.94,53
"[TG(55:10),TG(54:3)]_FA18:1",11292023_FAD185_M3_5xFAD_cereb_O3on_01,n-9,792.7,603.5,15.66,96035.0,1596,FAD185,FAD185_M3,5xFAD,cereb,-1,FA18:1,"TG(54:3), TG(55:10)",259,96035.0,15.655066666666668,0.2049333333333312,11716.0,11163.0,13.94,53
"[TG(55:10),TG(54:3)]_FA18:1",11292023_FAD189_M1_5xFAD_cereb_O3on_01,n-7,820.7,603.5,15.78,1724.0,2200,FAD189,FAD189_M1,5xFAD,cereb,-1,FA18:1,"TG(54:3), TG(55:10)",236,1724.0,15.780083333333334,0.07991666666666575,288.0,272.0,18.97,56
"[TG(55:10),TG(54:3)]_FA18:1",11292023_FAD189_M1_5xFAD_cereb_O3on_01,n-9,792.7,603.5,15.88,38887.0,1600,FAD189,FAD189_M1,5xFAD,cereb,-1,FA18:1,"TG(54:3), TG(55:10)",260,38887.0,15.877116666666668,0.017116666666668223,5602.0,5159.0,18.97,56
"[TG(55:10),TG(54:3)]_FA18:1",11292023_FAD189_M2_5xFAD_cereb_O3on_01,n-10,778.6,603.5,15.66,473.0,1268,FAD189,FAD189_M2,5xFAD,cereb,-1,FA18:1,"TG(54:3), TG(55:10)",189,473.0,15.659183333333335,0.20081666666666464,49.0,16.0,14.6,60
"[TG(55:10),TG(54:3)]_FA18:1",11292023_FAD189_M2_5xFAD_cereb_O3on_01,n-7,820.7,603.5,15.56,6397.0,2204,FAD189,FAD189_M2,5xFAD,cereb,-1,FA18:1,"TG(54:3), TG(55:10)",237,6397.0,15.558050000000001,0.30194999999999794,709.0,652.0,14.6,60
"[TG(55:10),TG(54:3)]_FA18:1",11292023_FAD189_M2_5xFAD_cereb_O3on_01,n-9,792.7,603.5,15.61,70668.0,1604,FAD189,FAD189_M2,5xFAD,cereb,-1,FA18:1,"TG(54:3), TG(55:10)",261,70668.0,15.610666666666667,0.24933333333333252,9913.0,9522.0,14.6,60
"[TG(55:10),TG(54:3)]_FA18:1",11292023_DOD93_F4_5xFAD_cortex_O3on_01,n-7,820.7,603.5,15.74,654.0,2185,DOD93,DOD93_F4,5xFAD,cortex,-1,FA18:1,"TG(54:3), TG(55:10)",238,654.0,15.735666666666667,0.12433333333333252,96.0,69.0,29.28,42
"[TG(55:10),TG(54:3)]_FA18:1",11292023_DOD93_F4_5xFAD_cortex_O3on_01,n-9,792.7,603.5,15.88,8602.0,1585,DOD93,DOD93_F4,5xFAD,cortex,-1,FA18:1,"TG(54:3), TG(55:10)",262,8602.0,15.8771,0.017100000000001003,2081.0,2020.0,29.28,42
"[TG(55:10),TG(54:3)]_FA18:1",11292023_DOD94_F4_5xFAD_cortex_O3on_01,n-7,820.7,603.5,15.74,426.0,2189,DOD94,DOD94_F4,5xFAD,cortex,-1,FA18:1,"TG(54:3), TG(55:10)",239,426.0,15.735650000000001,0.12434999999999796,55.0,18.0,138.39,46
"[TG(55:10),TG(54:3)]_FA18:1",11292023_DOD94_F4_5xFAD_cortex_O3on_01,n-9,792.7,603.5,15.88,10862.0,1589,DOD94,DOD94_F4,5xFAD,cortex,-1,FA18:1,"TG(54:3), TG(55:10)",263,10862.0,15.877083333333333,0.017083333333333783,2550.0,2491.0,138.39,46
"[TG(55:10),TG(54:3)]_FA18:1",11292023_FAD185_M1_5xFAD_cortex_O3on_01,n-9,792.7,603.5,15.83,10892.0,1593,FAD185,FAD185_M1,5xFAD,cortex,-1,FA18:1,"TG(54:3), TG(55:10)",264,10892.0,15.8327,0.027299999999998548,2174.0,2077.0,,50
"[TG(55:10),TG(54:3)]_FA18:1",11292023_FAD189_M1_5xFAD_cortex_O3on_01,n-7,820.7,603.5,15.78,1908.0,2201,FAD189,FAD189_M1,5xFAD,cortex,-1,FA18:1,"TG(54:3), TG(55:10)",242,1908.0,15.780050000000001,0.07994999999999841,295.0,280.0,23.44,57
"[TG(55:10),TG(54:3)]_FA18:1",11292023_FAD189_M1_5xFAD_cortex_O3on_01,n-9,792.7,603.5,15.83,41162.0,1601,FAD189,FAD189_M1,5xFAD,cortex,-1,FA18:1,"TG(54:3), TG(55:10)",266,41162.0,15.832683333333334,0.027316666666665768,7045.0,6563.0,23.44,57
"[TG(55:10),TG(54:3)]_FA18:1",11292023_FAD189_M2_5xFAD_cortex_O3on_01,n-9,792.7,603.5,15.66,10348.0,1605,FAD189,FAD189_M2,5xFAD,cortex,-1,FA18:1,"TG(54:3), TG(55:10)",267,10348.0,15.655066666666668,0.2049333333333312,1822.0,1772.0,,61
"[TG(55:10),TG(54:3)]_FA18:1",11292023_DOD93_F4_5xFAD_dienc_O3on_01,n-7,820.7,603.5,15.82,1197.0,2186,DOD93,DOD93_F4,5xFAD,dienc,-1,FA18:1,"TG(54:3), TG(55:10)",244,1197.0,15.824466666666668,0.03553333333333164,160.0,165.0,12.82,43
"[TG(55:10),TG(54:3)]_FA18:1",11292023_DOD93_F4_5xFAD_dienc_O3on_01,n-9,792.7,603.5,15.83,10458.0,1586,DOD93,DOD93_F4,5xFAD,dienc,-1,FA18:1,"TG(54:3), TG(55:10)",268,10458.0,15.832683333333334,0.027316666666665768,2170.0,2116.0,12.82,43
"[TG(55:10),TG(54:3)]_FA18:1",11292023_DOD94_F4_5xFAD_dienc_O3on_01,n-9,792.7,603.5,15.79,7363.0,1590,DOD94,DOD94_F4,5xFAD,dienc,-1,FA18:1,"TG(54:3), TG(55:10)",269,7363.0,15.788283333333334,0.07171666666666532,2072.0,1978.0,,47
"[TG(55:10),TG(54:3)]_FA18:1",11292023_FAD185_M1_5xFAD_dienc_O3on_01,n-7,820.7,603.5,15.69,551.0,2194,FAD185,FAD185_M1,5xFAD,dienc,-1,FA18:1,"TG(54:3), TG(55:10)",246,551.0,15.69125,0.1687499999999993,67.0,48.0,41.15,51
"[TG(55:10),TG(54:3)]_FA18:1",11292023_FAD185_M1_5xFAD_dienc_O3on_01,n-9,792.7,603.5,15.83,9956.0,1594,FAD185,FAD185_M1,5xFAD,dienc,-1,FA18:1,"TG(54:3), TG(55:10)",270,9956.0,15.832683333333334,0.027316666666665768,2038.0,1975.0,41.15,51
"[TG(55:10),TG(54:3)]_FA18:1",11292023_FAD185_M3_5xFAD_dienc_O3on_01,n-7,820.7,603.5,15.6,4966.0,2198,FAD185,FAD185_M3,5xFAD,dienc,-1,FA18:1,"TG(54:3), TG(55:10)",247,4966.0,15.602466666666668,0.25753333333333117,524.0,495.0,13.8,54
"[TG(55:10),TG(54:3)]_FA18:1",11292023_FAD185_M3_5xFAD_dienc_O3on_01,n-9,792.7,603.5,15.66,57486.0,1598,FAD185,FAD185_M3,5xFAD,dienc,-1,FA18:1,"TG(54:3), TG(55:10)",271,57486.0,15.655083333333334,0.20491666666666575,7008.0,6832.0,13.8,54
"[TG(55:10),TG(54:3)]_FA18:1",11292023_FAD189_M1_5xFAD_dienc_O3on_01,n-9,792.7,603.5,15.92,8434.0,1602,FAD189,FAD189_M1,5xFAD,dienc,-1,FA18:1,"TG(54:3), TG(55:10)",272,8434.0,15.921533333333334,0.061533333333334994,2001.0,1819.0,,58
"[TG(55:10),TG(54:3)]_FA18:1",11292023_FAD189_M2_5xFAD_dienc_O3on_01,n-10,778.6,603.5,15.7,422.0,1270,FAD189,FAD189_M2,5xFAD,dienc,-1,FA18:1,"TG(54:3), TG(55:10)",201,422.0,15.703600000000002,0.15639999999999787,56.0,23.0,17.98,62
"[TG(55:10),TG(54:3)]_FA18:1",11292023_FAD189_M2_5xFAD_dienc_O3on_01,n-7,820.7,603.5,15.6,1176.0,2206,FAD189,FAD189_M2,5xFAD,dienc,-1,FA18:1,"TG(54:3), TG(55:10)",249,1176.0,15.602450000000001,0.2575499999999984,166.0,144.0,17.98,62
"[TG(55:10),TG(54:3)]_FA18:1",11292023_FAD189_M2_5xFAD_dienc_O3on_01,n-9,792.7,603.5,15.66,19172.0,1606,FAD189,FAD189_M2,5xFAD,dienc,-1,FA18:1,"TG(54:3), TG(55:10)",273,19172.0,15.655083333333334,0.20491666666666575,2622.0,2589.0,17.98,62
"[TG(55:10),TG(54:3)]_FA18:1",11292023_DOD93_F4_5xFAD_hippo_O3on_01,n-9,792.7,603.5,15.88,8914.0,1587,DOD93,DOD93_F4,5xFAD,hippo,-1,FA18:1,"TG(54:3), TG(55:10)",274,8914.0,15.8771,0.017100000000001003,2243.0,2085.0,,44
"[TG(55:10),TG(54:3)]_FA18:1",11292023_DOD94_F4_5xFAD_hippo_O3on_01,n-9,792.7,603.5,15.97,7821.0,1591,DOD94,DOD94_F4,5xFAD,hippo,-1,FA18:1,"TG(54:3), TG(55:10)",275,7821.0,15.965916666666667,0.10591666666666733,1565.0,1508.0,,48
"[TG(55:10),TG(54:3)]_FA18:1",11292023_FAD185_M1_5xFAD_hippo_O3on_01,n-9,792.7,603.5,15.83,8270.0,1595,FAD185,FAD185_M1,5xFAD,hippo,-1,FA18:1,"TG(54:3), TG(55:10)",276,8270.0,15.832716666666668,0.027283333333331328,2145.0,2069.0,,52
"[TG(55:10),TG(54:3)]_FA18:1",11292023_FAD185_M3_5xFAD_hippo_O3on_01,n-7,820.7,603.5,15.6,562.0,2199,FAD185,FAD185_M3,5xFAD,hippo,-1,FA18:1,"TG(54:3), TG(55:10)",253,562.0,15.602450000000001,0.2575499999999984,85.0,46.0,42.8,55
"[TG(55:10),TG(54:3)]_FA18:1",11292023_FAD185_M3_5xFAD_hippo_O3on_01,n-9,792.7,603.5,15.66,14396.0,1599,FAD185,FAD185_M3,5xFAD,hippo,-1,FA18:1,"TG(54:3), TG(55:10)",277,14396.0,15.655083333333334,0.20491666666666575,2166.0,1969.0,42.8,55
"[TG(55:10),TG(54:3)]_FA18:1",11292023_FAD189_M1_5xFAD_hippo_O3on_01,n-7,820.7,603.5,16.09,489.0,2203,FAD189,FAD189_M1,5xFAD,hippo,-1,FA18:1,"TG(54:3), TG(55:10)",254,489.0,16.09091666666667,0.2309166666666691,62.0,36.0,44.89,59
"[TG(55:10),TG(54:3)]_FA18:1",11292023_FAD189_M1_5xFAD_hippo_O3on_01,n-9,792.7,603.5,15.92,6433.0,1603,FAD189,FAD189_M1,5xFAD,hippo,-1,FA18:1,"TG(54:3), TG(55:10)",278,6433.0,15.9215,0.061500000000000554,1791.0,1616.0,44.89,59
"[TG(55:10),TG(54:3)]_FA18:1",11292023_FAD189_M2_5xFAD_hippo_O3on_01,n-9,792.7,603.5,15.66,3265.0,1607,FAD189,FAD189_M2,5xFAD,hippo,-1,FA18:1,"TG(54:3), TG(55:10)",279,3265.0,15.655050000000001,0.2049499999999984,870.0,775.0,,63
"[TG(55:11),TG(54:4)]_FA18:1",11292023_DOD93_F4_5xFAD_cereb_O3on_01,n-9,790.7,601.5,14.63,1445.0,1512,DOD93,DOD93_F4,5xFAD,cereb,-1,FA18:1,"TG(54:4), TG(55:11)",356,1445.0,14.634316666666667,0.02568333333333328,282.0,285.0,,65
"[TG(55:11),TG(54:4)]_FA18:1",11292023_DOD94_F4_5xFAD_cereb_O3on_01,n-7,818.7,601.5,14.67,940.0,2140,DOD94,DOD94_F4,5xFAD,cereb,-1,FA18:1,"TG(54:4), TG(55:11)",333,940.0,14.670766666666667,0.010766666666667035,122.0,93.0,16.63,69
"[TG(55:11),TG(54:4)]_FA18:1",11292023_DOD94_F4_5xFAD_cereb_O3on_01,n-9,790.7,601.5,14.68,10918.0,1516,DOD94,DOD94_F4,5xFAD,cereb,-1,FA18:1,"TG(54:4), TG(55:11)",357,10918.0,14.678733333333334,0.01873333333333349,1552.0,1547.0,16.63,69
"[TG(55:11),TG(54:4)]_FA18:1",11292023_FAD185_M1_5xFAD_cereb_O3on_01,n-9,790.7,601.5,14.63,4148.0,1520,FAD185,FAD185_M1,5xFAD,cereb,-1,FA18:1,"TG(54:4), TG(55:11)",358,4148.0,14.634316666666667,0.02568333333333328,775.0,741.0,,73
"[TG(55:11),TG(54:4)]_FA18:1",11292023_FAD185_M3_5xFAD_cereb_O3on_01,n-7,818.7,601.5,14.4,11838.0,2148,FAD185,FAD185_M3,5xFAD,cereb,-1,FA18:1,"TG(54:4), TG(55:11)",335,11838.0,14.404300000000001,0.25569999999999915,1044.0,1029.0,9.63,77
"[TG(55:11),TG(54:4)]_FA18:1",11292023_FAD185_M3_5xFAD_cereb_O3on_01,n-9,790.7,601.5,14.46,84425.0,1524,FAD185,FAD185_M3,5xFAD,cereb,-1,FA18:1,"TG(54:4), TG(55:11)",359,84425.0,14.456683333333334,0.20331666666666592,10016.0,9913.0,9.63,77
"[TG(55:11),TG(54:4)]_FA18:1",11292023_FAD189_M1_5xFAD_cereb_O3on_01,n-7,818.7,601.5,14.67,4105.0,2152,FAD189,FAD189_M1,5xFAD,cereb,-1,FA18:1,"TG(54:4), TG(55:11)",336,4105.0,14.670766666666667,0.010766666666667035,528.0,506.0,12.51,80
"[TG(55:11),TG(54:4)]_FA18:1",11292023_FAD189_M1_5xFAD_cereb_O3on_01,n-9,790.7,601.5,14.72,48676.0,1528,FAD189,FAD189_M1,5xFAD,cereb,-1,FA18:1,"TG(54:4), TG(55:11)",360,48676.0,14.723133333333333,0.06313333333333304,6575.0,6330.0,12.51,80
"[TG(55:11),TG(54:4)]_FA18:1",11292023_FAD189_M2_5xFAD_cereb_O3on_01,n-7,818.7,601.5,14.36,7082.0,2156,FAD189,FAD189_M2,5xFAD,cereb,-1,FA18:1,"TG(54:4), TG(55:11)",337,7082.0,14.359900000000001,0.3000999999999987,876.0,850.0,9.37,84
"[TG(55:11),TG(54:4)]_FA18:1",11292023_FAD189_M2_5xFAD_cereb_O3on_01,n-9,790.7,601.5,14.46,59970.0,1532,FAD189,FAD189_M2,5xFAD,cereb,-1,FA18:1,"TG(54:4), TG(55:11)",361,59970.0,14.456683333333334,0.20331666666666592,8069.0,7966.0,9.37,84
"[TG(55:11),TG(54:4)]_FA18:1",11292023_DOD93_F4_5xFAD_cortex_O3on_01,n-9,790.7,601.5,14.68,3545.0,1513,DOD93,DOD93_F4,5xFAD,cortex,-1,FA18:1,"TG(54:4), TG(55:11)",362,3545.0,14.678716666666668,0.018716666666668047,642.0,611.0,,66
"[TG(55:11),TG(54:4)]_FA18:1",11292023_DOD94_F4_5xFAD_cortex_O3on_01,n-7,818.7,601.5,14.63,457.0,2141,DOD94,DOD94_F4,5xFAD,cortex,-1,FA18:1,"TG(54:4), TG(55:11)",339,457.0,14.626333333333333,0.033666666666666956,88.0,62.0,13.87,70
"[TG(55:11),TG(54:4)]_FA18:1",11292023_DOD94_F4_5xFAD_cortex_O3on_01,n-9,790.7,601.5,14.68,4384.0,1517,DOD94,DOD94_F4,5xFAD,cortex,-1,FA18:1,"TG(54:4), TG(55:11)",363,4384.0,14.678700000000001,0.018700000000000827,823.0,860.0,13.87,70
"[TG(55:11),TG(54:4)]_FA18:1",11292023_FAD185_M1_5xFAD_cortex_O3on_01,n-7,818.7,601.5,14.63,656.0,2145,FAD185,FAD185_M1,5xFAD,cortex,-1,FA18:1,"TG(54:4), TG(55:11)",340,656.0,14.62635,0.033649999999999736,87.0,72.0,12.54,74
"[TG(55:11),TG(54:4)]_FA18:1",11292023_FAD185_M1_5xFAD_cortex_O3on_01,n-9,790.7,601.5,14.68,6715.0,1521,FAD185,FAD185_M1,5xFAD,cortex,-1,FA18:1,"TG(54:4), TG(55:11)",364,6715.0,14.678733333333334,0.01873333333333349,905.0,903.0,12.54,74
"[TG(55:11),TG(54:4)]_FA18:1",11292023_FAD189_M1_5xFAD_cortex_O3on_01,n-7,818.7,601.5,14.63,5122.0,2153,FAD189,FAD189_M1,5xFAD,cortex,-1,FA18:1,"TG(54:4), TG(55:11)",342,5122.0,14.626333333333333,0.033666666666666956,716.0,655.0,10.81,81
"[TG(55:11),TG(54:4)]_FA18:1",11292023_FAD189_M1_5xFAD_cortex_O3on_01,n-9,790.7,601.5,14.68,56147.0,1529,FAD189,FAD189_M1,5xFAD,cortex,-1,FA18:1,"TG(54:4), TG(55:11)",366,56147.0,14.678700000000001,0.018700000000000827,7759.0,7078.0,10.81,81
"[TG(55:11),TG(54:4)]_FA18:1",11292023_FAD189_M2_5xFAD_cortex_O3on_01,n-7,818.7,601.5,14.4,996.0,2157,FAD189,FAD189_M2,5xFAD,cortex,-1,FA18:1,"TG(54:4), TG(55:11)",343,996.0,14.404300000000001,0.25569999999999915,127.0,124.0,11.13,85
"[TG(55:11),TG(54:4)]_FA18:1",11292023_FAD189_M2_5xFAD_cortex_O3on_01,n-9,790.7,601.5,14.46,16842.0,1533,FAD189,FAD189_M2,5xFAD,cortex,-1,FA18:1,"TG(54:4), TG(55:11)",367,16842.0,14.456683333333334,0.20331666666666592,1526.0,1380.0,11.13,85
"[TG(55:11),TG(54:4)]_FA18:1",11292023_DOD93_F4_5xFAD_dienc_O3on_01,n-9,790.7,601.5,14.68,3450.0,1514,DOD93,DOD93_F4,5xFAD,dienc,-1,FA18:1,"TG(54:4), TG(55:11)",368,3450.0,14.678700000000001,0.018700000000000827,566.0,554.0,,67
"[TG(55:11),TG(54:4)]_FA18:1",11292023_DOD94_F4_5xFAD_dienc_O3on_01,n-9,790.7,601.5,14.68,1830.0,1518,DOD94,DOD94_F4,5xFAD,dienc,-1,FA18:1,"TG(54:4), TG(55:11)",369,1830.0,14.678716666666668,0.018716666666668047,465.0,428.0,,71
"[TG(55:11),TG(54:4)]_FA18:1",11292023_FAD185_M1_5xFAD_dienc_O3on_01,n-9,790.7,601.5,14.68,3355.0,1522,FAD185,FAD185_M1,5xFAD,dienc,-1,FA18:1,"TG(54:4), TG(55:11)",370,3355.0,14.678716666666668,0.018716666666668047,610.0,615.0,,75
"[TG(55:11),TG(54:4)]_FA18:1",11292023_FAD185_M3_5xFAD_dienc_O3on_01,n-7,818.7,601.5,14.4,9609.0,2150,FAD185,FAD185_M3,5xFAD,dienc,-1,FA18:1,"TG(54:4), TG(55:11)",347,9609.0,14.404316666666668,0.25568333333333193,835.0,781.0,9.38,78
"[TG(55:11),TG(54:4)]_FA18:1",11292023_FAD185_M3_5xFAD_dienc_O3on_01,n-9,790.7,601.5,14.46,62317.0,1526,FAD185,FAD185_M3,5xFAD,dienc,-1,FA18:1,"TG(54:4), TG(55:11)",371,62317.0,14.456700000000001,0.2032999999999987,7491.0,7326.0,9.38,78
"[TG(55:11),TG(54:4)]_FA18:1",11292023_FAD189_M1_5xFAD_dienc_O3on_01,n-7,818.7,601.5,14.67,674.0,2154,FAD189,FAD189_M1,5xFAD,dienc,-1,FA18:1,"TG(54:4), TG(55:11)",348,674.0,14.670766666666667,0.010766666666667035,76.0,43.0,26.49,82
"[TG(55:11),TG(54:4)]_FA18:1",11292023_FAD189_M1_5xFAD_dienc_O3on_01,n-9,790.7,601.5,14.72,8886.0,1530,FAD189,FAD189_M1,5xFAD,dienc,-1,FA18:1,"TG(54:4), TG(55:11)",372,8886.0,14.723133333333333,0.06313333333333304,1185.0,1139.0,26.49,82
"[TG(55:11),TG(54:4)]_FA18:1",11292023_FAD189_M2_5xFAD_dienc_O3on_01,n-7,818.7,601.5,14.45,733.0,2158,FAD189,FAD189_M2,5xFAD,dienc,-1,FA18:1,"TG(54:4), TG(55:11)",349,733.0,14.448733333333333,0.21126666666666694,124.0,87.0,29.99,86
"[TG(55:11),TG(54:4)]_FA18:1",11292023_FAD189_M2_5xFAD_dienc_O3on_01,n-9,790.7,601.5,14.5,22156.0,1534,FAD189,FAD189_M2,5xFAD,dienc,-1,FA18:1,"TG(54:4), TG(55:11)",373,22156.0,14.501100000000001,0.15889999999999915,2560.0,2609.0,29.99,86
"[TG(55:11),TG(54:4)]_FA18:1",11292023_DOD93_F4_5xFAD_hippo_O3on_01,n-9,790.7,601.5,14.72,1349.0,1515,DOD93,DOD93_F4,5xFAD,hippo,-1,FA18:1,"TG(54:4), TG(55:11)",374,1349.0,14.723116666666668,0.0631166666666676,383.0,357.0,,68
"[TG(55:11),TG(54:4)]_FA18:1",11292023_DOD94_F4_5xFAD_hippo_O3on_01,n-9,790.7,601.5,14.77,1717.0,1519,DOD94,DOD94_F4,5xFAD,hippo,-1,FA18:1,"TG(54:4), TG(55:11)",375,1717.0,14.767533333333335,0.10753333333333437,332.0,312.0,,72
"[TG(55:11),TG(54:4)]_FA18:1",11292023_FAD185_M1_5xFAD_hippo_O3on_01,n-9,790.7,601.5,14.68,2489.0,1523,FAD185,FAD185_M1,5xFAD,hippo,-1,FA18:1,"TG(54:4), TG(55:11)",376,2489.0,14.678733333333334,0.01873333333333349,467.0,421.0,,76
"[TG(55:11),TG(54:4)]_FA18:1",11292023_FAD185_M3_5xFAD_hippo_O3on_01,n-7,818.7,601.5,14.45,1273.0,2151,FAD185,FAD185_M3,5xFAD,hippo,-1,FA18:1,"TG(54:4), TG(55:11)",353,1273.0,14.448716666666668,0.21128333333333238,134.0,108.0,17.41,79
"[TG(55:11),TG(54:4)]_FA18:1",11292023_FAD185_M3_5xFAD_hippo_O3on_01,n-9,790.7,601.5,14.5,19892.0,1527,FAD185,FAD185_M3,5xFAD,hippo,-1,FA18:1,"TG(54:4), TG(55:11)",377,19892.0,14.501100000000001,0.15889999999999915,1938.0,1880.0,17.41,79
"[TG(55:11),TG(54:4)]_FA18:1",11292023_FAD189_M1_5xFAD_hippo_O3on_01,n-9,790.7,601.5,14.68,2586.0,1531,FAD189,FAD189_M1,5xFAD,hippo,-1,FA18:1,"TG(54:4), TG(55:11)",378,2586.0,14.678716666666668,0.018716666666668047,527.0,499.0,,83
"[TG(55:11),TG(54:4)]_FA18:1",11292023_FAD189_M2_5xFAD_hippo_O3on_01,n-9,790.7,601.5,14.46,778.0,1535,FAD189,FAD189_M2,5xFAD,hippo,-1,FA18:1,"TG(54:4), TG(55:11)",379,778.0,14.456666666666667,0.20333333333333314,124.0,142.0,,87
"[TG(55:8),TG(54:1)]_FA18:1",11292023_FAD185_M3_5xFAD_cereb_O3on_01,n-9,796.7,607.5,16.99,991.0,1644,FAD185,FAD185_M3,5xFAD,cereb,-1,FA18:1,"TG(54:1), TG(55:8)",386,991.0,16.986666666666668,0.10666666666666913,159.0,137.0,,88
"[TG(55:8),TG(54:1)]_FA18:1",11292023_FAD185_M3_5xFAD_dienc_O3on_01,n-9,796.7,607.5,16.85,1307.0,1646,FAD185,FAD185_M3,5xFAD,dienc,-1,FA18:1,"TG(54:1), TG(55:8)",387,1307.0,16.853466666666666,0.026533333333333076,149.0,134.0,,89
"[TG(55:9),TG(54:2)]_FA18:1",11292023_DOD93_F4_5xFAD_cereb_O3on_01,n-9,794.7,605.5,17.08,2329.0,1608,DOD93,DOD93_F4,5xFAD,cereb,-1,FA18:1,"TG(54:2), TG(55:9)",460,2329.0,17.0758,0.024200000000000443,403.0,374.0,,90
"[TG(55:9),TG(54:2)]_FA18:1",11292023_DOD94_F4_5xFAD_cereb_O3on_01,n-9,794.7,605.5,17.03,4075.0,1612,DOD94,DOD94_F4,5xFAD,cereb,-1,FA18:1,"TG(54:2), TG(55:9)",461,4075.0,17.0314,0.0686,737.0,717.0,,94
"[TG(55:9),TG(54:2)]_FA18:1",11292023_FAD185_M1_5xFAD_cereb_O3on_01,n-9,794.7,605.5,17.12,1402.0,1616,FAD185,FAD185_M1,5xFAD,cereb,-1,FA18:1,"TG(54:2), TG(55:9)",462,1402.0,17.1202,0.020199999999999108,323.0,327.0,,98
"[TG(55:9),TG(54:2)]_FA18:1",11292023_FAD185_M3_5xFAD_cereb_O3on_01,n-7,822.7,605.5,15.56,740.0,2244,FAD185,FAD185_M3,5xFAD,cereb,-1,FA18:1,"TG(54:2), TG(55:9)",439,740.0,15.557733333333333,1.5422666666666682,92.0,53.0,29.51,102
"[TG(55:9),TG(54:2)]_FA18:1",11292023_FAD185_M3_5xFAD_cereb_O3on_01,n-9,794.7,605.5,15.74,9997.0,1620,FAD185,FAD185_M3,5xFAD,cereb,-1,FA18:1,"TG(54:2), TG(55:9)",463,9997.0,15.743583333333333,1.356416666666668,1507.0,1564.0,29.51,102
"[TG(55:9),TG(54:2)]_FA18:1",11292023_FAD189_M1_5xFAD_cereb_O3on_01,n-9,794.7,605.5,17.08,2387.0,1624,FAD189,FAD189_M1,5xFAD,cereb,-1,FA18:1,"TG(54:2), TG(55:9)",464,2387.0,17.0758,0.024200000000000443,503.0,464.0,,105
"[TG(55:9),TG(54:2)]_FA18:1",11292023_FAD189_M2_5xFAD_cereb_O3on_01,n-7,822.7,605.5,16.8,1339.0,2252,FAD189,FAD189_M2,5xFAD,cereb,-1,FA18:1,"TG(54:2), TG(55:9)",441,1339.0,16.801133333333333,0.29886666666666883,190.0,164.0,9.07,109
"[TG(55:9),TG(54:2)]_FA18:1",11292023_FAD189_M2_5xFAD_cereb_O3on_01,n-9,794.7,605.5,16.85,13067.0,1628,FAD189,FAD189_M2,5xFAD,cereb,-1,FA18:1,"TG(54:2), TG(55:9)",465,13067.0,16.85376666666667,0.24623333333333264,1609.0,1487.0,9.07,109
"[TG(55:9),TG(54:2)]_FA18:1",11292023_DOD93_F4_5xFAD_cortex_O3on_01,n-9,794.7,605.5,17.12,2027.0,1609,DOD93,DOD93_F4,5xFAD,cortex,-1,FA18:1,"TG(54:2), TG(55:9)",466,2027.0,17.1202,0.020199999999999108,448.0,395.0,,91
"[TG(55:9),TG(54:2)]_FA18:1",11292023_DOD94_F4_5xFAD_cortex_O3on_01,n-9,794.7,605.5,17.03,3034.0,1613,DOD94,DOD94_F4,5xFAD,cortex,-1,FA18:1,"TG(54:2), TG(55:9)",467,3034.0,17.031383333333334,0.06861666666666721,560.0,579.0,,95
"[TG(55:9),TG(54:2)]_FA18:1",11292023_FAD185_M1_5xFAD_cortex_O3on_01,n-9,794.7,605.5,17.03,1610.0,1617,FAD185,FAD185_M1,5xFAD,cortex,-1,FA18:1,"TG(54:2), TG(55:9)",468,1610.0,17.031383333333334,0.06861666666666721,320.0,287.0,,99
"[TG(55:9),TG(54:2)]_FA18:1",11292023_FAD189_M1_5xFAD_cortex_O3on_01,n-7,822.7,605.5,15.91,480.0,2249,FAD189,FAD189_M1,5xFAD,cortex,-1,FA18:1,"TG(54:2), TG(55:9)",446,480.0,15.912983333333335,1.1870166666666666,58.0,24.0,43.75,106
"[TG(55:9),TG(54:2)]_FA18:1",11292023_FAD189_M1_5xFAD_cortex_O3on_01,n-9,794.7,605.5,15.92,6438.0,1625,FAD189,FAD189_M1,5xFAD,cortex,-1,FA18:1,"TG(54:2), TG(55:9)",470,6438.0,15.9212,1.1788000000000007,1093.0,1050.0,43.75,106
"[TG(55:9),TG(54:2)]_FA18:1",11292023_FAD189_M2_5xFAD_cortex_O3on_01,n-9,794.7,605.5,16.9,1774.0,1629,FAD189,FAD189_M2,5xFAD,cortex,-1,FA18:1,"TG(54:2), TG(55:9)",471,1774.0,16.89815,0.2018500000000003,345.0,335.0,,110
"[TG(55:9),TG(54:2)]_FA18:1",11292023_DOD93_F4_5xFAD_dienc_O3on_01,n-7,822.7,605.5,17.02,463.0,2234,DOD93,DOD93_F4,5xFAD,dienc,-1,FA18:1,"TG(54:2), TG(55:9)",448,463.0,17.02315,0.07685000000000031,125.0,93.0,5.86,92
"[TG(55:9),TG(54:2)]_FA18:1",11292023_DOD93_F4_5xFAD_dienc_O3on_01,n-9,794.7,605.5,17.03,2860.0,1610,DOD93,DOD93_F4,5xFAD,dienc,-1,FA18:1,"TG(54:2), TG(55:9)",472,2860.0,17.031366666666667,0.06863333333333443,528.0,545.0,5.86,92
"[TG(55:9),TG(54:2)]_FA18:1",11292023_DOD94_F4_5xFAD_dienc_O3on_01,n-9,794.7,605.5,17.03,2548.0,1614,DOD94,DOD94_F4,5xFAD,dienc,-1,FA18:1,"TG(54:2), TG(55:9)",473,2548.0,17.031383333333334,0.06861666666666721,453.0,427.0,,96
"[TG(55:9),TG(54:2)]_FA18:1",11292023_FAD185_M1_5xFAD_dienc_O3on_01,n-9,794.7,605.5,17.03,1652.0,1618,FAD185,FAD185_M1,5xFAD,dienc,-1,FA18:1,"TG(54:2), TG(55:9)",474,1652.0,17.031383333333334,0.06861666666666721,397.0,419.0,,100
"[TG(55:9),TG(54:2)]_FA18:1",11292023_FAD185_M3_5xFAD_dienc_O3on_01,n-10,780.7,605.5,16.95,440.0,1310,FAD185,FAD185_M3,5xFAD,dienc,-1,FA18:1,"TG(54:2), TG(55:9)",403,440.0,16.946416666666668,0.15358333333333363,56.0,26.0,8.46,103
"[TG(55:9),TG(54:2)]_FA18:1",11292023_FAD185_M3_5xFAD_dienc_O3on_01,n-7,822.7,605.5,16.8,936.0,2246,FAD185,FAD185_M3,5xFAD,dienc,-1,FA18:1,"TG(54:2), TG(55:9)",451,936.0,16.80115,0.2988500000000016,141.0,112.0,8.46,103
"[TG(55:9),TG(54:2)]_FA18:1",11292023_FAD185_M3_5xFAD_dienc_O3on_01,n-9,794.7,605.5,16.9,7040.0,1622,FAD185,FAD185_M3,5xFAD,dienc,-1,FA18:1,"TG(54:2), TG(55:9)",475,7040.0,16.898183333333336,0.20181666666666587,1004.0,947.0,8.46,103
"[TG(55:9),TG(54:2)]_FA18:1",11292023_FAD189_M1_5xFAD_dienc_O3on_01,n-9,794.7,605.5,17.16,1402.0,1626,FAD189,FAD189_M1,5xFAD,dienc,-1,FA18:1,"TG(54:2), TG(55:9)",476,1402.0,17.164616666666667,0.06461666666666588,319.0,294.0,,107
"[TG(55:9),TG(54:2)]_FA18:1",11292023_FAD189_M2_5xFAD_dienc_O3on_01,n-7,822.7,605.5,16.85,444.0,2254,FAD189,FAD189_M2,5xFAD,dienc,-1,FA18:1,"TG(54:2), TG(55:9)",453,444.0,16.84555,0.25445000000000206,57.0,31.0,11.29,111
"[TG(55:9),TG(54:2)]_FA18:1",11292023_FAD189_M2_5xFAD_dienc_O3on_01,n-9,794.7,605.5,16.85,2831.0,1630,FAD189,FAD189_M2,5xFAD,dienc,-1,FA18:1,"TG(54:2), TG(55:9)",477,2831.0,16.85376666666667,0.24623333333333264,396.0,350.0,11.29,111
"[TG(55:9),TG(54:2)]_FA18:1",11292023_DOD93_F4_5xFAD_hippo_O3on_01,n-9,794.7,605.5,17.12,1901.0,1611,DOD93,DOD93_F4,5xFAD,hippo,-1,FA18:1,"TG(54:2), TG(55:9)",478,1901.0,17.120183333333333,0.020183333333331888,383.0,375.0,,93
"[TG(55:9),TG(54:2)]_FA18:1",11292023_DOD94_F4_5xFAD_hippo_O3on_01,n-9,794.7,605.5,17.12,2445.0,1615,DOD94,DOD94_F4,5xFAD,hippo,-1,FA18:1,"TG(54:2), TG(55:9)",479,2445.0,17.1202,0.020199999999999108,405.0,384.0,,97
"[TG(55:9),TG(54:2)]_FA18:1",11292023_FAD185_M1_5xFAD_hippo_O3on_01,n-7,822.7,605.5,16.98,410.0,2243,FAD185,FAD185_M1,5xFAD,hippo,-1,FA18:1,"TG(54:2), TG(55:9)",456,410.0,16.978783333333332,0.12121666666666897,60.0,57.0,8.3,101
"[TG(55:9),TG(54:2)]_FA18:1",11292023_FAD185_M1_5xFAD_hippo_O3on_01,n-9,794.7,605.5,17.08,2765.0,1619,FAD185,FAD185_M1,5xFAD,hippo,-1,FA18:1,"TG(54:2), TG(55:9)",480,2765.0,17.075816666666668,0.024183333333333223,470.0,473.0,8.3,101
"[TG(55:9),TG(54:2)]_FA18:1",11292023_FAD185_M3_5xFAD_hippo_O3on_01,n-9,794.7,605.5,16.9,2218.0,1623,FAD185,FAD185_M3,5xFAD,hippo,-1,FA18:1,"TG(54:2), TG(55:9)",481,2218.0,16.89816666666667,0.2018333333333331,337.0,311.0,,104
"[TG(55:9),TG(54:2)]_FA18:1",11292023_FAD189_M1_5xFAD_hippo_O3on_01,n-9,794.7,605.5,17.21,1836.0,1627,FAD189,FAD189_M1,5xFAD,hippo,-1,FA18:1,"TG(54:2), TG(55:9)",482,1836.0,17.209,0.10899999999999821,382.0,356.0,,108
"[TG(55:9),TG(54:2)]_FA18:1",11292023_FAD189_M2_5xFAD_hippo_O3on_01,n-9,794.7,605.5,16.9,882.0,1631,FAD189,FAD189_M2,5xFAD,hippo,-1,FA18:1,"TG(54:2), TG(55:9)",483,882.0,16.89815,0.2018500000000003,196.0,187.0,,112
"[TG(56:11),TG(55:4)]_FA18:1",11292023_FAD185_M3_5xFAD_cereb_O3on_01,n-9,804.7,615.5,15.07,928.0,1884,FAD185,FAD185_M3,5xFAD,cereb,-1,FA18:1,"TG(55:4), TG(56:11)",494,928.0,15.07365,0.013650000000000162,95.0,64.0,,113
"[TG(56:7),]_FA18:1",11292023_FAD185_M3_5xFAD_cereb_O3on_01,n-9,812.8,623.6,13.21,564.0,2004,FAD185,FAD185_M3,5xFAD,cereb,-1,FA18:1,TG(56:7),510,564.0,13.207083333333333,0.10708333333333364,63.0,23.0,,114
"[TG(56:7),]_FA18:1",11292023_FAD185_M3_5xFAD_dienc_O3on_01,n-7,840.8,623.6,13.11,476.0,2486,FAD185,FAD185_M3,5xFAD,dienc,-1,FA18:1,TG(56:7),509,476.0,13.112083333333334,0.012083333333334778,58.0,21.0,1.81,115
"[TG(56:7),]_FA18:1",11292023_FAD185_M3_5xFAD_dienc_O3on_01,n-9,812.8,623.6,13.16,658.0,2006,FAD185,FAD185_M3,5xFAD,dienc,-1,FA18:1,TG(56:7),511,658.0,13.162700000000001,0.06270000000000131,61.0,38.0,1.81,115
"[TG(57:10),TG(56:3)]_FA18:1",11292023_FAD185_M3_5xFAD_cereb_O3on_01,n-7,848.7,631.5,16.62,435.0,2700,FAD185,FAD185_M3,5xFAD,cereb,-1,FA18:1,"TG(56:3), TG(57:10)",516,435.0,16.617583333333336,0.08241666666666347,51.0,45.0,9.96,116
"[TG(57:10),TG(56:3)]_FA18:1",11292023_FAD185_M3_5xFAD_cereb_O3on_01,n-9,820.7,631.5,16.67,4240.0,2220,FAD185,FAD185_M3,5xFAD,cereb,-1,FA18:1,"TG(56:3), TG(57:10)",518,4240.0,16.668200000000002,0.03179999999999694,467.0,448.0,9.96,116
"[TG(57:10),TG(56:3)]_FA18:1",11292023_FAD185_M3_5xFAD_dienc_O3on_01,n-9,820.7,631.5,16.71,1184.0,2222,FAD185,FAD185_M3,5xFAD,dienc,-1,FA18:1,"TG(56:3), TG(57:10)",519,1184.0,16.712633333333333,0.012633333333333496,149.0,136.0,,117
"[TG(57:11),TG(56:4)]_FA18:1",11292023_FAD185_M3_5xFAD_cereb_O3on_01,n-9,818.7,629.5,15.56,3814.0,2172,FAD185,FAD185_M3,5xFAD,cereb,-1,FA18:1,"TG(56:4), TG(57:11)",532,3814.0,15.558883333333334,0.031116666666665793,456.0,469.0,,118
"[TG(57:11),TG(56:4)]_FA18:1",11292023_FAD189_M1_5xFAD_cereb_O3on_01,n-9,818.7,629.5,15.83,1635.0,2176,FAD189,FAD189_M1,5xFAD,cereb,-1,FA18:1,"TG(56:4), TG(57:11)",533,1635.0,15.825083333333334,0.23508333333333375,171.0,178.0,,120
"[TG(57:11),TG(56:4)]_FA18:1",11292023_FAD189_M1_5xFAD_cortex_O3on_01,n-9,818.7,629.5,15.83,2394.0,2177,FAD189,FAD189_M1,5xFAD,cortex,-1,FA18:1,"TG(56:4), TG(57:11)",534,2394.0,15.825316666666668,0.23531666666666773,355.0,346.0,,121
"[TG(57:11),TG(56:4)]_FA18:1",11292023_FAD185_M3_5xFAD_dienc_O3on_01,n-9,818.7,629.5,15.56,1895.0,2174,FAD185,FAD185_M3,5xFAD,dienc,-1,FA18:1,"TG(56:4), TG(57:11)",535,1895.0,15.558633333333335,0.03136666666666521,181.0,159.0,,119
"[TG(57:12),TG(56:5)]_FA18:1",11292023_FAD185_M3_5xFAD_cereb_O3on_01,n-9,816.7,627.5,14.36,1239.0,2124,FAD185,FAD185_M3,5xFAD,cereb,-1,FA18:1,"TG(56:5), TG(57:12)",542,1239.0,14.360483333333335,0.010483333333334954,131.0,125.0,,122
"[TG(57:9),TG(56:2)]_FA18:1",11292023_FAD185_M3_5xFAD_dienc_O3on_01,n-9,822.8,633.6,17.91,879.0,2270,FAD185,FAD185_M3,5xFAD,dienc,-1,FA18:1,"TG(56:2), TG(57:9)",550,879.0,17.91101666666667,0.11898333333333255,123.0,86.0,,123
