Lipid,Sample_ID,db,Parent_Ion,Product_Ion,Retention_Time,OzESI_Intensity,Match_Group,Correct_RT,Max_Intensity,Cage,Mouse,Genotype,Biology,FAC,TG,Group,Cluster_RT,Cluster_Ground_Truth_Dif,Area,Area_DDT,Area_DDT_Ratio,SLBG_group
[TG(52:5)]_FA16:1,12012023_DOD73_M2_5xFAD_liver_O3on_01,n-10,746.6,599.5,12.74,419.0,130,11.67,1444.0,DOD73,DOD73_M2,5xFAD,liver,FA16:1,TG(52:5),20,12.74,0.120000000000001,20.0,43.0,0.13,5
[TG(52:5)]_FA16:1,12012023_DOD73_M2_5xFAD_liver_O3on_01,n-7,788.7,599.5,12.64,49192.0,305,12.64,49192.0,DOD73,DOD73_M2,5xFAD,liver,FA16:1,TG(52:5),30,12.64,0.02000000000000135,4785.0,4721.0,0.13,5
[TG(52:5)]_FA16:1,12012023_DOD73_M2_5xFAD_liver_O3on_01,n-9,760.7,599.5,12.69,5585.0,180,12.69,5585.0,DOD73,DOD73_M2,5xFAD,liver,FA16:1,TG(52:5),35,12.69,0.07000000000000028,635.0,614.0,0.13,5
[TG(52:5)]_FA16:1,12012023_FAD131_M1_5xFAD_liver_O3on_01,n-10,746.6,599.5,12.43,439.0,131,11.72,1623.0,FAD131,FAD131_M1,5xFAD,liver,FA16:1,TG(52:5),21,12.43,0.1899999999999995,40.0,34.0,6.91,6
[TG(52:5)]_FA16:1,12012023_FAD131_M1_5xFAD_liver_O3on_01,n-7,788.7,599.5,12.59,9876.0,306,13.88,52768.0,FAD131,FAD131_M1,5xFAD,liver,FA16:1,TG(52:5),31,12.59,0.02999999999999936,201.0,201.0,6.91,6
[TG(52:5)]_FA16:1,12012023_FAD131_M1_5xFAD_liver_O3on_01,n-9,760.7,599.5,12.73,14527.0,181,12.73,14527.0,FAD131,FAD131_M1,5xFAD,liver,FA16:1,TG(52:5),36,12.73,0.11000000000000121,1529.0,1389.0,6.91,6
[TG(52:5)]_FA16:1,12012023_FAD131_M2_5xFAD_liver_O3on_01,n-10,746.6,599.5,12.78,376.0,132,11.67,1624.0,FAD131,FAD131_M2,5xFAD,liver,FA16:1,TG(52:5),22,12.78,0.16000000000000014,31.0,14.0,0.38,7
[TG(52:5)]_FA16:1,12012023_FAD131_M2_5xFAD_liver_O3on_01,n-7,788.7,599.5,12.64,44874.0,307,13.88,58631.0,FAD131,FAD131_M2,5xFAD,liver,FA16:1,TG(52:5),32,12.64,0.02000000000000135,6089.0,5734.0,0.38,7
[TG(52:5)]_FA16:1,12012023_FAD131_M2_5xFAD_liver_O3on_01,n-9,760.7,599.5,12.73,20182.0,182,12.73,20182.0,FAD131,FAD131_M2,5xFAD,liver,FA16:1,TG(52:5),37,12.73,0.11000000000000121,2483.0,2164.0,0.38,7
[TG(52:5)]_FA16:1,12012023_FAD131_M4_5xFAD_liver_O3on_01,n-10,746.6,599.5,12.78,360.0,133,12.96,665.0,FAD131,FAD131_M4,5xFAD,liver,FA16:1,TG(52:5),23,12.78,0.16000000000000014,29.0,13.0,0.2,8
[TG(52:5)]_FA16:1,12012023_FAD131_M4_5xFAD_liver_O3on_01,n-7,788.7,599.5,12.64,31804.0,308,12.64,31804.0,FAD131,FAD131_M4,5xFAD,liver,FA16:1,TG(52:5),33,12.64,0.02000000000000135,3807.0,3309.0,0.2,8
[TG(52:5)]_FA16:1,12012023_FAD131_M4_5xFAD_liver_O3on_01,n-9,760.7,599.5,12.69,6253.0,183,12.69,6253.0,FAD131,FAD131_M4,5xFAD,liver,FA16:1,TG(52:5),38,12.69,0.07000000000000028,681.0,661.0,0.2,8
[TG(52:5)]_FA16:1,12012023_FAD173_M1_5xFAD_liver_O3on_01,n-10,746.6,599.5,12.43,292.0,134,11.67,926.0,FAD173,FAD173_M1,5xFAD,liver,FA16:1,TG(52:5),24,12.43,0.1899999999999995,25.0,9.0,0.55,9
[TG(52:5)]_FA16:1,12012023_FAD173_M1_5xFAD_liver_O3on_01,n-7,788.7,599.5,12.64,50976.0,309,12.64,50976.0,FAD173,FAD173_M1,5xFAD,liver,FA16:1,TG(52:5),34,12.64,0.02000000000000135,4008.0,3847.0,0.55,9
[TG(52:5)]_FA16:1,12012023_FAD173_M1_5xFAD_liver_O3on_01,n-9,760.7,599.5,12.69,16993.0,184,12.69,16993.0,FAD173,FAD173_M1,5xFAD,liver,FA16:1,TG(52:5),39,12.69,0.07000000000000028,2292.0,2117.0,0.55,9
"[TG(55:11),TG(54:4)]_FA16:1",12012023_DOD73_M2_5xFAD_liver_O3on_01,n-7,818.7,629.5,14.98,6641.0,450,16.14,11524.0,DOD73,DOD73_M2,5xFAD,liver,FA16:1,"TG(54:4), TG(55:11)",134,14.98,0.009999999999999787,725.0,674.0,0.0,28
"[TG(55:11),TG(54:4)]_FA16:1",12012023_FAD131_M1_5xFAD_liver_O3on_01,n-7,818.7,629.5,14.94,12478.0,451,16.09,21789.0,FAD131,FAD131_M1,5xFAD,liver,FA16:1,"TG(54:4), TG(55:11)",135,14.94,0.030000000000001137,1601.0,1563.0,0.09,29
"[TG(55:11),TG(54:4)]_FA16:1",12012023_FAD131_M1_5xFAD_liver_O3on_01,n-9,790.7,629.5,15.08,1716.0,321,15.12,1752.0,FAD131,FAD131_M1,5xFAD,liver,FA16:1,"TG(54:4), TG(55:11)",140,15.08,0.10999999999999943,78.0,133.0,0.09,29
"[TG(55:11),TG(54:4)]_FA16:1",12012023_FAD131_M2_5xFAD_liver_O3on_01,n-12,748.6,629.5,14.87,181.0,142,13.58,1315.0,FAD131,FAD131_M2,5xFAD,liver,FA16:1,"TG(54:4), TG(55:11)",131,14.87,0.10000000000000142,16.0,0.0,0.14,30
"[TG(55:11),TG(54:4)]_FA16:1",12012023_FAD131_M2_5xFAD_liver_O3on_01,n-7,818.7,629.5,14.94,10225.0,452,16.09,23065.0,FAD131,FAD131_M2,5xFAD,liver,FA16:1,"TG(54:4), TG(55:11)",136,14.94,0.030000000000001137,1504.0,1379.0,0.14,30
"[TG(55:11),TG(54:4)]_FA16:1",12012023_FAD131_M2_5xFAD_liver_O3on_01,n-9,790.7,629.5,15.08,2796.0,322,15.08,2796.0,FAD131,FAD131_M2,5xFAD,liver,FA16:1,"TG(54:4), TG(55:11)",141,15.08,0.10999999999999943,215.0,199.0,0.14,30
"[TG(55:11),TG(54:4)]_FA16:1",12012023_FAD131_M4_5xFAD_liver_O3on_01,n-7,818.7,629.5,14.94,4048.0,453,16.14,4900.0,FAD131,FAD131_M4,5xFAD,liver,FA16:1,"TG(54:4), TG(55:11)",137,14.94,0.030000000000001137,342.0,367.0,0.0,31
"[TG(55:11),TG(54:4)]_FA16:1",12012023_FAD173_M1_5xFAD_liver_O3on_01,n-7,818.7,629.5,14.94,9752.0,454,16.09,16123.0,FAD173,FAD173_M1,5xFAD,liver,FA16:1,"TG(54:4), TG(55:11)",138,14.94,0.030000000000001137,1150.0,1069.0,0.0,32
"[TG(56:7),]_FA16:1",12012023_DOD73_M2_5xFAD_liver_O3on_01,n-7,840.8,651.6,12.89,1356.0,520,12.89,1356.0,DOD73,DOD73_M2,5xFAD,liver,FA16:1,TG(56:7),274,12.89,0.11999999999999922,135.0,149.0,0.0,62
"[TG(56:7),]_FA16:1",12012023_FAD131_M1_5xFAD_liver_O3on_01,n-7,840.8,651.6,12.93,1283.0,521,14.27,2162.0,FAD131,FAD131_M1,5xFAD,liver,FA16:1,TG(56:7),275,12.93,0.08000000000000007,195.0,189.0,0.29,63
"[TG(56:7),]_FA16:1",12012023_FAD131_M1_5xFAD_liver_O3on_01,n-9,812.8,651.6,13.03,808.0,421,13.03,808.0,FAD131,FAD131_M1,5xFAD,liver,FA16:1,TG(56:7),280,13.03,0.019999999999999574,62.0,55.0,0.29,63
"[TG(56:7),]_FA16:1",12012023_FAD131_M2_5xFAD_liver_O3on_01,n-7,840.8,651.6,13.07,1568.0,522,14.22,2006.0,FAD131,FAD131_M2,5xFAD,liver,FA16:1,TG(56:7),276,13.07,0.0600000000000005,181.0,222.0,0.0,64
"[TG(56:7),]_FA16:1",12012023_FAD131_M2_5xFAD_liver_O3on_01,n-9,812.8,651.6,12.94,211.0,422,13.12,1275.0,FAD131,FAD131_M2,5xFAD,liver,FA16:1,TG(56:7),281,12.94,0.07000000000000028,20.0,0.0,0.0,64
"[TG(56:7),]_FA16:1",12012023_FAD131_M4_5xFAD_liver_O3on_01,n-7,840.8,651.6,12.98,577.0,523,14.18,885.0,FAD131,FAD131_M4,5xFAD,liver,FA16:1,TG(56:7),277,12.98,0.02999999999999936,54.0,39.0,0.0,65
"[TG(56:7),]_FA16:1",12012023_FAD173_M1_5xFAD_liver_O3on_01,n-7,840.8,651.6,13.07,748.0,524,12.85,1222.0,FAD173,FAD173_M1,5xFAD,liver,FA16:1,TG(56:7),278,13.07,0.0600000000000005,85.0,94.0,0.74,66
"[TG(56:7),]_FA16:1",12012023_FAD173_M1_5xFAD_liver_O3on_01,n-9,812.8,651.6,12.99,689.0,424,12.99,689.0,FAD173,FAD173_M1,5xFAD,liver,FA16:1,TG(56:7),283,12.99,0.019999999999999574,72.0,70.0,0.74,66
[TG(50:3)]_FA18:1,12012023_DOD73_M2_5xFAD_liver_O3on_01,n-10,722.7,547.5,13.94,354.0,85,12.83,606.0,DOD73,DOD73_M2,5xFAD,liver,FA18:1,TG(50:3),0,13.94,0.009999999999999787,43.0,20.0,19.37,0
[TG(50:3)]_FA18:1,12012023_DOD73_M2_5xFAD_liver_O3on_01,n-7,764.7,547.5,13.89,1214.0,195,13.89,1214.0,DOD73,DOD73_M2,5xFAD,liver,FA18:1,TG(50:3),10,13.89,0.05999999999999872,170.0,86.0,19.37,0
[TG(50:3)]_FA18:1,12012023_DOD73_M2_5xFAD_liver_O3on_01,n-9,736.7,547.5,13.94,13197.0,105,12.69,20331.0,DOD73,DOD73_M2,5xFAD,liver,FA18:1,TG(50:3),15,13.94,0.009999999999999787,1899.0,1666.0,19.37,0
[TG(50:3)]_FA18:1,12012023_FAD131_M1_5xFAD_liver_O3on_01,n-10,722.7,547.5,14.03,472.0,86,12.83,1138.0,FAD131,FAD131_M1,5xFAD,liver,FA18:1,TG(50:3),1,14.03,0.08000000000000007,45.0,18.0,10.49,1
[TG(50:3)]_FA18:1,12012023_FAD131_M1_5xFAD_liver_O3on_01,n-7,764.7,547.5,13.93,2417.0,196,13.93,2417.0,FAD131,FAD131_M1,5xFAD,liver,FA18:1,TG(50:3),11,13.93,0.019999999999999574,455.0,364.0,10.49,1
[TG(50:3)]_FA18:1,12012023_FAD131_M1_5xFAD_liver_O3on_01,n-9,736.7,547.5,13.98,32075.0,106,13.98,32075.0,FAD131,FAD131_M1,5xFAD,liver,FA18:1,TG(50:3),16,13.98,0.030000000000001137,4096.0,3817.0,10.49,1
[TG(50:3)]_FA18:1,12012023_FAD131_M2_5xFAD_liver_O3on_01,n-10,722.7,547.5,13.94,395.0,87,12.87,1247.0,FAD131,FAD131_M2,5xFAD,liver,FA18:1,TG(50:3),2,13.94,0.009999999999999787,49.0,35.0,9.79,2
[TG(50:3)]_FA18:1,12012023_FAD131_M2_5xFAD_liver_O3on_01,n-7,764.7,547.5,13.93,4463.0,197,13.93,4463.0,FAD131,FAD131_M2,5xFAD,liver,FA18:1,TG(50:3),12,13.93,0.019999999999999574,525.0,569.0,9.79,2
[TG(50:3)]_FA18:1,12012023_FAD131_M2_5xFAD_liver_O3on_01,n-9,736.7,547.5,13.98,44610.0,107,13.98,44610.0,FAD131,FAD131_M2,5xFAD,liver,FA18:1,TG(50:3),17,13.98,0.030000000000001137,6899.0,5568.0,9.79,2
[TG(50:3)]_FA18:1,12012023_FAD131_M4_5xFAD_liver_O3on_01,n-7,764.7,547.5,13.89,1084.0,198,13.89,1084.0,FAD131,FAD131_M4,5xFAD,liver,FA18:1,TG(50:3),13,13.89,0.05999999999999872,131.0,117.0,7.68,3
[TG(50:3)]_FA18:1,12012023_FAD131_M4_5xFAD_liver_O3on_01,n-9,736.7,547.5,13.98,7339.0,108,13.98,7339.0,FAD131,FAD131_M4,5xFAD,liver,FA18:1,TG(50:3),18,13.98,0.030000000000001137,1013.0,898.0,7.68,3
[TG(50:3)]_FA18:1,12012023_FAD173_M1_5xFAD_liver_O3on_01,n-7,764.7,547.5,13.89,1142.0,199,13.89,1142.0,FAD173,FAD173_M1,5xFAD,liver,FA18:1,TG(50:3),14,13.89,0.05999999999999872,166.0,179.0,10.81,4
[TG(50:3)]_FA18:1,12012023_FAD173_M1_5xFAD_liver_O3on_01,n-9,736.7,547.5,13.94,15215.0,109,12.69,20562.0,FAD173,FAD173_M1,5xFAD,liver,FA18:1,TG(50:3),19,13.94,0.009999999999999787,2061.0,1935.0,10.81,4
"[TG(52:7),]_FA18:1",12012023_FAD131_M2_5xFAD_liver_O3on_01,n-9,756.7,567.5,17.0,952.0,162,17.0,952.0,FAD131,FAD131_M2,5xFAD,liver,FA18:1,TG(52:7),63,17.0,0.019999999999999574,115.0,131.0,,12
[TG(54:5)]_FA18:1,12012023_DOD73_M2_5xFAD_liver_O3on_01,n-10,774.6,599.5,13.84,202.0,230,12.77,1135.0,DOD73,DOD73_M2,5xFAD,liver,FA18:1,TG(54:5),64,13.84,0.019999999999999574,28.0,24.0,7.19,13
[TG(54:5)]_FA18:1,12012023_DOD73_M2_5xFAD_liver_O3on_01,n-7,816.7,599.5,13.78,5788.0,435,13.78,5788.0,DOD73,DOD73_M2,5xFAD,liver,FA18:1,TG(54:5),74,13.78,0.08000000000000007,670.0,637.0,7.19,13
[TG(54:5)]_FA18:1,12012023_DOD73_M2_5xFAD_liver_O3on_01,n-9,788.7,599.5,13.84,38262.0,305,12.64,49192.0,DOD73,DOD73_M2,5xFAD,liver,FA18:1,TG(54:5),79,13.84,0.019999999999999574,4706.0,4577.0,7.19,13
[TG(54:5)]_FA18:1,12012023_FAD131_M1_5xFAD_liver_O3on_01,n-7,816.7,599.5,13.83,9143.0,436,13.83,9143.0,FAD131,FAD131_M1,5xFAD,liver,FA18:1,TG(54:5),75,13.83,0.02999999999999936,1246.0,1081.0,6.18,14
[TG(54:5)]_FA18:1,12012023_FAD131_M1_5xFAD_liver_O3on_01,n-9,788.7,599.5,13.88,52768.0,306,13.88,52768.0,FAD131,FAD131_M1,5xFAD,liver,FA18:1,TG(54:5),80,13.88,0.02000000000000135,6701.0,6679.0,6.18,14
[TG(54:5)]_FA18:1,12012023_FAD131_M2_5xFAD_liver_O3on_01,n-10,774.6,599.5,13.88,588.0,232,12.69,1114.0,FAD131,FAD131_M2,5xFAD,liver,FA18:1,TG(54:5),66,13.88,0.02000000000000135,51.0,23.0,6.48,15
[TG(54:5)]_FA18:1,12012023_FAD131_M2_5xFAD_liver_O3on_01,n-7,816.7,599.5,13.78,12026.0,437,13.78,12026.0,FAD131,FAD131_M2,5xFAD,liver,FA18:1,TG(54:5),76,13.78,0.08000000000000007,1324.0,1170.0,6.48,15
[TG(54:5)]_FA18:1,12012023_FAD131_M2_5xFAD_liver_O3on_01,n-9,788.7,599.5,13.88,58631.0,307,13.88,58631.0,FAD131,FAD131_M2,5xFAD,liver,FA18:1,TG(54:5),81,13.88,0.02000000000000135,7718.0,7587.0,6.48,15
[TG(54:5)]_FA18:1,12012023_FAD131_M4_5xFAD_liver_O3on_01,n-10,774.6,599.5,13.88,486.0,233,12.73,818.0,FAD131,FAD131_M4,5xFAD,liver,FA18:1,TG(54:5),67,13.88,0.02000000000000135,41.0,13.0,5.58,16
[TG(54:5)]_FA18:1,12012023_FAD131_M4_5xFAD_liver_O3on_01,n-12,746.6,599.5,13.8,163.0,133,12.96,665.0,FAD131,FAD131_M4,5xFAD,liver,FA18:1,TG(54:5),72,13.8,0.05999999999999872,16.0,0.0,5.58,16
[TG(54:5)]_FA18:1,12012023_FAD131_M4_5xFAD_liver_O3on_01,n-7,816.7,599.5,13.78,5135.0,438,13.78,5135.0,FAD131,FAD131_M4,5xFAD,liver,FA18:1,TG(54:5),77,13.78,0.08000000000000007,537.0,483.0,5.58,16
[TG(54:5)]_FA18:1,12012023_FAD131_M4_5xFAD_liver_O3on_01,n-9,788.7,599.5,13.88,30665.0,308,12.64,31804.0,FAD131,FAD131_M4,5xFAD,liver,FA18:1,TG(54:5),82,13.88,0.02000000000000135,2794.0,2695.0,5.58,16
[TG(54:5)]_FA18:1,12012023_FAD173_M1_5xFAD_liver_O3on_01,n-10,774.6,599.5,13.93,159.0,234,12.73,1468.0,FAD173,FAD173_M1,5xFAD,liver,FA18:1,TG(54:5),68,13.93,0.07000000000000028,25.0,8.0,5.9,17
[TG(54:5)]_FA18:1,12012023_FAD173_M1_5xFAD_liver_O3on_01,n-7,816.7,599.5,13.78,8106.0,439,13.78,8106.0,FAD173,FAD173_M1,5xFAD,liver,FA18:1,TG(54:5),78,13.78,0.08000000000000007,809.0,724.0,5.9,17
[TG(54:5)]_FA18:1,12012023_FAD173_M1_5xFAD_liver_O3on_01,n-9,788.7,599.5,13.84,45432.0,309,12.64,50976.0,FAD173,FAD173_M1,5xFAD,liver,FA18:1,TG(54:5),83,13.84,0.019999999999999574,4305.0,4274.0,5.9,17
[TG(54:6)]_FA18:1,12012023_DOD73_M2_5xFAD_liver_O3on_01,n-7,814.7,597.5,12.76,597.0,425,12.76,597.0,DOD73,DOD73_M2,5xFAD,liver,FA18:1,TG(54:6),94,12.76,0.009999999999999787,94.0,79.0,13.94,18
[TG(54:6)]_FA18:1,12012023_DOD73_M2_5xFAD_liver_O3on_01,n-9,786.7,597.5,12.77,10734.0,300,12.77,10734.0,DOD73,DOD73_M2,5xFAD,liver,FA18:1,TG(54:6),99,12.77,0.019999999999999574,1241.0,1101.0,13.94,18
[TG(54:6)]_FA18:1,12012023_FAD131_M1_5xFAD_liver_O3on_01,n-7,814.7,597.5,12.72,1291.0,426,12.72,1291.0,FAD131,FAD131_M1,5xFAD,liver,FA18:1,TG(54:6),95,12.72,0.02999999999999936,166.0,158.0,7.62,19
[TG(54:6)]_FA18:1,12012023_FAD131_M1_5xFAD_liver_O3on_01,n-9,786.7,597.5,12.82,10041.0,301,11.53,10903.0,FAD131,FAD131_M1,5xFAD,liver,FA18:1,TG(54:6),100,12.82,0.07000000000000028,1258.0,1204.0,7.62,19
[TG(54:6)]_FA18:1,12012023_FAD131_M2_5xFAD_liver_O3on_01,n-7,814.7,597.5,12.76,1439.0,427,12.76,1439.0,FAD131,FAD131_M2,5xFAD,liver,FA18:1,TG(54:6),96,12.76,0.009999999999999787,223.0,190.0,5.48,20
[TG(54:6)]_FA18:1,12012023_FAD131_M2_5xFAD_liver_O3on_01,n-9,786.7,597.5,12.77,7895.0,302,11.53,11915.0,FAD131,FAD131_M2,5xFAD,liver,FA18:1,TG(54:6),101,12.77,0.019999999999999574,1223.0,1041.0,5.48,20
[TG(54:6)]_FA18:1,12012023_FAD131_M4_5xFAD_liver_O3on_01,n-7,814.7,597.5,12.67,709.0,428,12.67,709.0,FAD131,FAD131_M4,5xFAD,liver,FA18:1,TG(54:6),97,12.67,0.08000000000000007,113.0,69.0,4.75,21
[TG(54:6)]_FA18:1,12012023_FAD131_M4_5xFAD_liver_O3on_01,n-9,786.7,597.5,12.73,4295.0,303,12.73,4295.0,FAD131,FAD131_M4,5xFAD,liver,FA18:1,TG(54:6),102,12.73,0.019999999999999574,465.0,328.0,4.75,21
[TG(54:6)]_FA18:1,12012023_FAD173_M1_5xFAD_liver_O3on_01,n-7,814.7,597.5,12.67,1020.0,429,12.67,1020.0,FAD173,FAD173_M1,5xFAD,liver,FA18:1,TG(54:6),98,12.67,0.08000000000000007,143.0,107.0,8.08,22
[TG(54:6)]_FA18:1,12012023_FAD173_M1_5xFAD_liver_O3on_01,n-9,786.7,597.5,12.77,7405.0,304,11.48,7542.0,FAD173,FAD173_M1,5xFAD,liver,FA18:1,TG(54:6),103,12.77,0.019999999999999574,1063.0,865.0,8.08,22
"[TG(55:10),TG(54:3)]_FA18:1",12012023_DOD73_M2_5xFAD_liver_O3on_01,n-7,820.7,603.5,16.14,16109.0,455,16.14,16109.0,DOD73,DOD73_M2,5xFAD,liver,FA18:1,"TG(54:3), TG(55:10)",114,16.14,0.07000000000000028,1805.0,1564.0,10.51,23
"[TG(55:10),TG(54:3)]_FA18:1",12012023_DOD73_M2_5xFAD_liver_O3on_01,n-9,792.7,603.5,16.19,130171.0,330,16.19,130171.0,DOD73,DOD73_M2,5xFAD,liver,FA18:1,"TG(54:3), TG(55:10)",119,16.19,0.019999999999999574,16907.0,16437.0,10.51,23
"[TG(55:10),TG(54:3)]_FA18:1",12012023_FAD131_M1_5xFAD_liver_O3on_01,n-10,778.6,603.5,16.24,1124.0,261,15.13,2170.0,FAD131,FAD131_M1,5xFAD,liver,FA18:1,"TG(54:3), TG(55:10)",105,16.24,0.029999999999997584,93.0,79.0,7.21,24
"[TG(55:10),TG(54:3)]_FA18:1",12012023_FAD131_M1_5xFAD_liver_O3on_01,n-12,750.6,603.5,16.02,142.0,146,14.2,2537.0,FAD131,FAD131_M1,5xFAD,liver,FA18:1,"TG(54:3), TG(55:10)",110,16.02,0.19000000000000128,24.0,6.0,7.21,24
"[TG(55:10),TG(54:3)]_FA18:1",12012023_FAD131_M1_5xFAD_liver_O3on_01,n-7,820.7,603.5,16.18,43154.0,456,16.18,43154.0,FAD131,FAD131_M1,5xFAD,liver,FA18:1,"TG(54:3), TG(55:10)",115,16.18,0.030000000000001137,6259.0,5374.0,7.21,24
"[TG(55:10),TG(54:3)]_FA18:1",12012023_FAD131_M1_5xFAD_liver_O3on_01,n-9,792.7,603.5,16.23,275678.0,331,16.23,275678.0,FAD131,FAD131_M1,5xFAD,liver,FA18:1,"TG(54:3), TG(55:10)",120,16.23,0.019999999999999574,42786.0,38723.0,7.21,24
"[TG(55:10),TG(54:3)]_FA18:1",12012023_FAD131_M2_5xFAD_liver_O3on_01,n-10,778.6,603.5,16.24,1642.0,262,15.13,2876.0,FAD131,FAD131_M2,5xFAD,liver,FA18:1,"TG(54:3), TG(55:10)",106,16.24,0.029999999999997584,171.0,186.0,5.11,25
"[TG(55:10),TG(54:3)]_FA18:1",12012023_FAD131_M2_5xFAD_liver_O3on_01,n-7,820.7,603.5,16.14,75285.0,457,16.14,75285.0,FAD131,FAD131_M2,5xFAD,liver,FA18:1,"TG(54:3), TG(55:10)",116,16.14,0.07000000000000028,10186.0,9336.0,5.11,25
"[TG(55:10),TG(54:3)]_FA18:1",12012023_FAD131_M2_5xFAD_liver_O3on_01,n-9,792.7,603.5,16.19,505075.0,332,16.19,505075.0,FAD131,FAD131_M2,5xFAD,liver,FA18:1,"TG(54:3), TG(55:10)",121,16.19,0.019999999999999574,48439.0,47669.0,5.11,25
"[TG(55:10),TG(54:3)]_FA18:1",12012023_FAD131_M4_5xFAD_liver_O3on_01,n-10,778.6,603.5,16.24,559.0,263,14.5,635.0,FAD131,FAD131_M4,5xFAD,liver,FA18:1,"TG(54:3), TG(55:10)",107,16.24,0.029999999999997584,71.0,54.0,8.36,26
"[TG(55:10),TG(54:3)]_FA18:1",12012023_FAD131_M4_5xFAD_liver_O3on_01,n-7,820.7,603.5,16.14,11964.0,458,16.14,11964.0,FAD131,FAD131_M4,5xFAD,liver,FA18:1,"TG(54:3), TG(55:10)",117,16.14,0.07000000000000028,1598.0,1462.0,8.36,26
"[TG(55:10),TG(54:3)]_FA18:1",12012023_FAD131_M4_5xFAD_liver_O3on_01,n-9,792.7,603.5,16.19,95284.0,333,16.19,95284.0,FAD131,FAD131_M4,5xFAD,liver,FA18:1,"TG(54:3), TG(55:10)",122,16.19,0.019999999999999574,13719.0,12224.0,8.36,26
"[TG(55:10),TG(54:3)]_FA18:1",12012023_FAD173_M1_5xFAD_liver_O3on_01,n-10,778.6,603.5,16.28,339.0,264,15.26,1310.0,FAD173,FAD173_M1,5xFAD,liver,FA18:1,"TG(54:3), TG(55:10)",108,16.28,0.07000000000000028,44.0,33.0,8.69,27
"[TG(55:10),TG(54:3)]_FA18:1",12012023_FAD173_M1_5xFAD_liver_O3on_01,n-7,820.7,603.5,16.14,17900.0,459,16.14,17900.0,FAD173,FAD173_M1,5xFAD,liver,FA18:1,"TG(54:3), TG(55:10)",118,16.14,0.07000000000000028,2002.0,1953.0,8.69,27
"[TG(55:10),TG(54:3)]_FA18:1",12012023_FAD173_M1_5xFAD_liver_O3on_01,n-9,792.7,603.5,16.19,132593.0,334,16.19,132593.0,FAD173,FAD173_M1,5xFAD,liver,FA18:1,"TG(54:3), TG(55:10)",123,16.19,0.019999999999999574,19187.0,16978.0,8.69,27
"[TG(55:11),TG(54:4)]_FA18:1",12012023_DOD73_M2_5xFAD_liver_O3on_01,n-10,776.6,601.5,15.08,167.0,245,13.97,1109.0,DOD73,DOD73_M2,5xFAD,liver,FA18:1,"TG(54:4), TG(55:11)",144,15.08,0.07000000000000028,21.0,8.0,7.3,33
"[TG(55:11),TG(54:4)]_FA18:1",12012023_DOD73_M2_5xFAD_liver_O3on_01,n-12,748.6,601.5,15.22,249.0,135,12.91,2669.0,DOD73,DOD73_M2,5xFAD,liver,FA18:1,"TG(54:4), TG(55:11)",149,15.22,0.21000000000000085,17.0,0.0,7.3,33
"[TG(55:11),TG(54:4)]_FA18:1",12012023_DOD73_M2_5xFAD_liver_O3on_01,n-7,818.7,601.5,14.98,19768.0,445,14.98,19768.0,DOD73,DOD73_M2,5xFAD,liver,FA18:1,"TG(54:4), TG(55:11)",154,14.98,0.02999999999999936,1851.0,1774.0,7.3,33
"[TG(55:11),TG(54:4)]_FA18:1",12012023_DOD73_M2_5xFAD_liver_O3on_01,n-9,790.7,601.5,15.03,117046.0,315,15.03,117046.0,DOD73,DOD73_M2,5xFAD,liver,FA18:1,"TG(54:4), TG(55:11)",159,15.03,0.019999999999999574,13398.0,12956.0,7.3,33
"[TG(55:11),TG(54:4)]_FA18:1",12012023_FAD131_M1_5xFAD_liver_O3on_01,n-10,776.6,601.5,15.08,1045.0,246,13.97,3387.0,FAD131,FAD131_M1,5xFAD,liver,FA18:1,"TG(54:4), TG(55:11)",145,15.08,0.07000000000000028,131.0,104.0,5.25,34
"[TG(55:11),TG(54:4)]_FA18:1",12012023_FAD131_M1_5xFAD_liver_O3on_01,n-7,818.7,601.5,14.98,44031.0,446,14.98,44031.0,FAD131,FAD131_M1,5xFAD,liver,FA18:1,"TG(54:4), TG(55:11)",155,14.98,0.02999999999999936,5955.0,5547.0,5.25,34
"[TG(55:11),TG(54:4)]_FA18:1",12012023_FAD131_M1_5xFAD_liver_O3on_01,n-9,790.7,601.5,15.08,222834.0,316,15.08,222834.0,FAD131,FAD131_M1,5xFAD,liver,FA18:1,"TG(54:4), TG(55:11)",160,15.08,0.07000000000000028,30703.0,29145.0,5.25,34
"[TG(55:11),TG(54:4)]_FA18:1",12012023_FAD131_M2_5xFAD_liver_O3on_01,n-10,776.6,601.5,15.08,2074.0,247,13.93,4402.0,FAD131,FAD131_M2,5xFAD,liver,FA18:1,"TG(54:4), TG(55:11)",146,15.08,0.07000000000000028,143.0,199.0,5.14,35
"[TG(55:11),TG(54:4)]_FA18:1",12012023_FAD131_M2_5xFAD_liver_O3on_01,n-12,748.6,601.5,15.18,267.0,137,12.96,4074.0,FAD131,FAD131_M2,5xFAD,liver,FA18:1,"TG(54:4), TG(55:11)",151,15.18,0.16999999999999993,27.0,10.0,5.14,35
"[TG(55:11),TG(54:4)]_FA18:1",12012023_FAD131_M2_5xFAD_liver_O3on_01,n-7,818.7,601.5,14.98,57289.0,447,14.98,57289.0,FAD131,FAD131_M2,5xFAD,liver,FA18:1,"TG(54:4), TG(55:11)",156,14.98,0.02999999999999936,8171.0,7447.0,5.14,35
"[TG(55:11),TG(54:4)]_FA18:1",12012023_FAD131_M2_5xFAD_liver_O3on_01,n-9,790.7,601.5,15.03,344147.0,317,15.03,344147.0,FAD131,FAD131_M2,5xFAD,liver,FA18:1,"TG(54:4), TG(55:11)",161,15.03,0.019999999999999574,42826.0,38275.0,5.14,35
"[TG(55:11),TG(54:4)]_FA18:1",12012023_FAD131_M4_5xFAD_liver_O3on_01,n-10,776.6,601.5,15.08,450.0,248,14.02,871.0,FAD131,FAD131_M4,5xFAD,liver,FA18:1,"TG(54:4), TG(55:11)",147,15.08,0.07000000000000028,49.0,35.0,9.14,36
"[TG(55:11),TG(54:4)]_FA18:1",12012023_FAD131_M4_5xFAD_liver_O3on_01,n-7,818.7,601.5,14.98,18153.0,448,14.98,18153.0,FAD131,FAD131_M4,5xFAD,liver,FA18:1,"TG(54:4), TG(55:11)",157,14.98,0.02999999999999936,1117.0,1093.0,9.14,36
"[TG(55:11),TG(54:4)]_FA18:1",12012023_FAD131_M4_5xFAD_liver_O3on_01,n-9,790.7,601.5,15.03,88763.0,318,15.03,88763.0,FAD131,FAD131_M4,5xFAD,liver,FA18:1,"TG(54:4), TG(55:11)",162,15.03,0.019999999999999574,10187.0,9991.0,9.14,36
"[TG(55:11),TG(54:4)]_FA18:1",12012023_FAD173_M1_5xFAD_liver_O3on_01,n-10,776.6,601.5,15.08,281.0,249,13.93,2001.0,FAD173,FAD173_M1,5xFAD,liver,FA18:1,"TG(54:4), TG(55:11)",148,15.08,0.07000000000000028,43.0,38.0,5.61,37
"[TG(55:11),TG(54:4)]_FA18:1",12012023_FAD173_M1_5xFAD_liver_O3on_01,n-7,818.7,601.5,14.98,24578.0,449,14.98,24578.0,FAD173,FAD173_M1,5xFAD,liver,FA18:1,"TG(54:4), TG(55:11)",158,14.98,0.02999999999999936,2823.0,2571.0,5.61,37
"[TG(55:11),TG(54:4)]_FA18:1",12012023_FAD173_M1_5xFAD_liver_O3on_01,n-9,790.7,601.5,15.03,130088.0,319,15.03,130088.0,FAD173,FAD173_M1,5xFAD,liver,FA18:1,"TG(54:4), TG(55:11)",163,15.03,0.019999999999999574,14770.0,14420.0,5.61,37
"[TG(55:8),TG(54:1)]_FA18:1",12012023_DOD73_M2_5xFAD_liver_O3on_01,n-7,824.7,607.5,18.49,669.0,475,18.49,669.0,DOD73,DOD73_M2,5xFAD,liver,FA18:1,"TG(54:1), TG(55:8)",174,18.49,0.08000000000000185,76.0,43.0,25.72,38
"[TG(55:8),TG(54:1)]_FA18:1",12012023_DOD73_M2_5xFAD_liver_O3on_01,n-9,796.7,607.5,18.59,10666.0,340,18.59,10666.0,DOD73,DOD73_M2,5xFAD,liver,FA18:1,"TG(54:1), TG(55:8)",179,18.59,0.019999999999999574,1231.0,1106.0,25.72,38
"[TG(55:8),TG(54:1)]_FA18:1",12012023_FAD131_M1_5xFAD_liver_O3on_01,n-7,824.7,607.5,18.58,1140.0,476,18.58,1140.0,FAD131,FAD131_M1,5xFAD,liver,FA18:1,"TG(54:1), TG(55:8)",175,18.58,0.00999999999999801,152.0,163.0,12.89,39
"[TG(55:8),TG(54:1)]_FA18:1",12012023_FAD131_M1_5xFAD_liver_O3on_01,n-9,796.7,607.5,18.59,19742.0,341,18.59,19742.0,FAD131,FAD131_M1,5xFAD,liver,FA18:1,"TG(54:1), TG(55:8)",180,18.59,0.019999999999999574,2344.0,2101.0,12.89,39
"[TG(55:8),TG(54:1)]_FA18:1",12012023_FAD131_M2_5xFAD_liver_O3on_01,n-7,824.7,607.5,18.49,1388.0,477,18.49,1388.0,FAD131,FAD131_M2,5xFAD,liver,FA18:1,"TG(54:1), TG(55:8)",176,18.49,0.08000000000000185,180.0,170.0,17.85,40
"[TG(55:8),TG(54:1)]_FA18:1",12012023_FAD131_M2_5xFAD_liver_O3on_01,n-9,796.7,607.5,18.59,28746.0,342,18.59,28746.0,FAD131,FAD131_M2,5xFAD,liver,FA18:1,"TG(54:1), TG(55:8)",181,18.59,0.019999999999999574,3713.0,3034.0,17.85,40
"[TG(55:8),TG(54:1)]_FA18:1",12012023_FAD173_M1_5xFAD_liver_O3on_01,n-7,824.7,607.5,18.62,401.0,479,17.38,506.0,FAD173,FAD173_M1,5xFAD,liver,FA18:1,"TG(54:1), TG(55:8)",178,18.62,0.05000000000000071,66.0,38.0,23.76,41
"[TG(55:8),TG(54:1)]_FA18:1",12012023_FAD173_M1_5xFAD_liver_O3on_01,n-9,796.7,607.5,18.54,8592.0,344,18.54,8592.0,FAD173,FAD173_M1,5xFAD,liver,FA18:1,"TG(54:1), TG(55:8)",183,18.54,0.030000000000001137,1025.0,903.0,23.76,41
"[TG(55:9),TG(54:2)]_FA18:1",12012023_DOD73_M2_5xFAD_liver_O3on_01,n-7,822.7,605.5,17.38,3522.0,465,17.38,3522.0,DOD73,DOD73_M2,5xFAD,liver,FA18:1,"TG(54:2), TG(55:9)",194,17.38,0.030000000000001137,549.0,389.0,21.05,42
"[TG(55:9),TG(54:2)]_FA18:1",12012023_DOD73_M2_5xFAD_liver_O3on_01,n-9,794.7,605.5,17.43,66742.0,335,17.43,66742.0,DOD73,DOD73_M2,5xFAD,liver,FA18:1,"TG(54:2), TG(55:9)",199,17.43,0.019999999999999574,9059.0,8188.0,21.05,42
"[TG(55:9),TG(54:2)]_FA18:1",12012023_FAD131_M1_5xFAD_liver_O3on_01,n-10,780.7,605.5,17.48,216.0,271,16.41,1695.0,FAD131,FAD131_M1,5xFAD,liver,FA18:1,"TG(54:2), TG(55:9)",185,17.48,0.07000000000000028,32.0,18.0,14.83,43
"[TG(55:9),TG(54:2)]_FA18:1",12012023_FAD131_M1_5xFAD_liver_O3on_01,n-7,822.7,605.5,17.42,5809.0,466,17.42,5809.0,FAD131,FAD131_M1,5xFAD,liver,FA18:1,"TG(54:2), TG(55:9)",195,17.42,0.010000000000001563,1026.0,879.0,14.83,43
"[TG(55:9),TG(54:2)]_FA18:1",12012023_FAD131_M1_5xFAD_liver_O3on_01,n-9,794.7,605.5,17.43,102335.0,336,17.43,102335.0,FAD131,FAD131_M1,5xFAD,liver,FA18:1,"TG(54:2), TG(55:9)",200,17.43,0.019999999999999574,15234.0,13037.0,14.83,43
"[TG(55:9),TG(54:2)]_FA18:1",12012023_FAD131_M2_5xFAD_liver_O3on_01,n-10,780.7,605.5,17.52,436.0,272,16.37,2335.0,FAD131,FAD131_M2,5xFAD,liver,FA18:1,"TG(54:2), TG(55:9)",186,17.52,0.10999999999999943,48.0,26.0,16.31,44
"[TG(55:9),TG(54:2)]_FA18:1",12012023_FAD131_M2_5xFAD_liver_O3on_01,n-12,752.6,605.5,17.53,177.0,152,15.44,1251.0,FAD131,FAD131_M2,5xFAD,liver,FA18:1,"TG(54:2), TG(55:9)",191,17.53,0.120000000000001,19.0,0.0,16.31,44
"[TG(55:9),TG(54:2)]_FA18:1",12012023_FAD131_M2_5xFAD_liver_O3on_01,n-7,822.7,605.5,17.33,8698.0,467,17.33,8698.0,FAD131,FAD131_M2,5xFAD,liver,FA18:1,"TG(54:2), TG(55:9)",196,17.33,0.08000000000000185,1138.0,1115.0,16.31,44
"[TG(55:9),TG(54:2)]_FA18:1",12012023_FAD131_M2_5xFAD_liver_O3on_01,n-9,794.7,605.5,17.43,129769.0,337,17.43,129769.0,FAD131,FAD131_M2,5xFAD,liver,FA18:1,"TG(54:2), TG(55:9)",201,17.43,0.019999999999999574,21692.0,18186.0,16.31,44
"[TG(55:9),TG(54:2)]_FA18:1",12012023_FAD131_M4_5xFAD_liver_O3on_01,n-7,822.7,605.5,17.33,1655.0,468,17.33,1655.0,FAD131,FAD131_M4,5xFAD,liver,FA18:1,"TG(54:2), TG(55:9)",197,17.33,0.08000000000000185,249.0,264.0,11.33,45
"[TG(55:9),TG(54:2)]_FA18:1",12012023_FAD131_M4_5xFAD_liver_O3on_01,n-9,794.7,605.5,17.43,24157.0,338,17.43,24157.0,FAD131,FAD131_M4,5xFAD,liver,FA18:1,"TG(54:2), TG(55:9)",202,17.43,0.019999999999999574,3339.0,2991.0,11.33,45
"[TG(55:9),TG(54:2)]_FA18:1",12012023_FAD173_M1_5xFAD_liver_O3on_01,n-10,780.7,605.5,17.48,266.0,274,15.66,478.0,FAD173,FAD173_M1,5xFAD,liver,FA18:1,"TG(54:2), TG(55:9)",188,17.48,0.07000000000000028,29.0,12.0,17.32,46
"[TG(55:9),TG(54:2)]_FA18:1",12012023_FAD173_M1_5xFAD_liver_O3on_01,n-7,822.7,605.5,17.29,3462.0,469,17.29,3462.0,FAD173,FAD173_M1,5xFAD,liver,FA18:1,"TG(54:2), TG(55:9)",198,17.29,0.120000000000001,583.0,467.0,17.32,46
"[TG(55:9),TG(54:2)]_FA18:1",12012023_FAD173_M1_5xFAD_liver_O3on_01,n-9,794.7,605.5,17.43,68341.0,339,17.43,68341.0,FAD173,FAD173_M1,5xFAD,liver,FA18:1,"TG(54:2), TG(55:9)",203,17.43,0.019999999999999574,9287.0,8088.0,17.32,46
"[TG(56:10),TG(55:3)]_FA18:1",12012023_DOD73_M2_5xFAD_liver_O3on_01,n-9,806.7,617.5,16.85,1399.0,405,15.03,2488.0,DOD73,DOD73_M2,5xFAD,liver,FA18:1,"TG(55:3), TG(56:10)",219,16.85,0.15000000000000213,202.0,169.0,,47
"[TG(56:10),TG(55:3)]_FA18:1",12012023_FAD131_M1_5xFAD_liver_O3on_01,n-7,834.7,617.5,16.75,938.0,511,14.98,1223.0,FAD131,FAD131_M1,5xFAD,liver,FA18:1,"TG(55:3), TG(56:10)",215,16.75,0.05000000000000071,131.0,102.0,5.37,48
"[TG(56:10),TG(55:3)]_FA18:1",12012023_FAD131_M1_5xFAD_liver_O3on_01,n-9,806.7,617.5,16.76,5210.0,406,16.76,5210.0,FAD131,FAD131_M1,5xFAD,liver,FA18:1,"TG(55:3), TG(56:10)",220,16.76,0.060000000000002274,716.0,548.0,5.37,48
"[TG(56:10),TG(55:3)]_FA18:1",12012023_FAD131_M2_5xFAD_liver_O3on_01,n-7,834.7,617.5,16.67,1349.0,512,16.67,1349.0,FAD131,FAD131_M2,5xFAD,liver,FA18:1,"TG(55:3), TG(56:10)",216,16.67,0.029999999999997584,117.0,91.0,9.69,49
"[TG(56:10),TG(55:3)]_FA18:1",12012023_FAD131_M2_5xFAD_liver_O3on_01,n-9,806.7,617.5,16.76,6846.0,407,16.76,6846.0,FAD131,FAD131_M2,5xFAD,liver,FA18:1,"TG(55:3), TG(56:10)",221,16.76,0.060000000000002274,1026.0,882.0,9.69,49
"[TG(56:10),TG(55:3)]_FA18:1",12012023_FAD131_M4_5xFAD_liver_O3on_01,n-7,834.7,617.5,16.71,144.0,513,14.98,631.0,FAD131,FAD131_M4,5xFAD,liver,FA18:1,"TG(55:3), TG(56:10)",217,16.71,0.010000000000001563,19.0,6.0,14.67,50
"[TG(56:10),TG(55:3)]_FA18:1",12012023_FAD131_M4_5xFAD_liver_O3on_01,n-9,806.7,617.5,16.76,844.0,408,15.07,1469.0,FAD131,FAD131_M4,5xFAD,liver,FA18:1,"TG(55:3), TG(56:10)",222,16.76,0.060000000000002274,148.0,88.0,14.67,50
"[TG(56:10),TG(55:3)]_FA18:1",12012023_FAD173_M1_5xFAD_liver_O3on_01,n-7,834.7,617.5,16.89,260.0,514,14.98,673.0,FAD173,FAD173_M1,5xFAD,liver,FA18:1,"TG(55:3), TG(56:10)",218,16.89,0.19000000000000128,40.0,54.0,3.96,51
"[TG(56:10),TG(55:3)]_FA18:1",12012023_FAD173_M1_5xFAD_liver_O3on_01,n-9,806.7,617.5,16.72,1920.0,409,15.03,2160.0,FAD173,FAD173_M1,5xFAD,liver,FA18:1,"TG(55:3), TG(56:10)",223,16.72,0.019999999999999574,250.0,214.0,3.96,51
"[TG(56:11),TG(55:4)]_FA18:1",12012023_DOD73_M2_5xFAD_liver_O3on_01,n-9,804.7,615.5,15.61,666.0,390,12.59,1471.0,DOD73,DOD73_M2,5xFAD,liver,FA18:1,"TG(55:4), TG(56:11)",239,15.61,0.019999999999999574,64.0,23.0,,52
"[TG(56:11),TG(55:4)]_FA18:1",12012023_FAD131_M1_5xFAD_liver_O3on_01,n-7,832.7,615.5,15.64,448.0,501,15.64,448.0,FAD131,FAD131_M1,5xFAD,liver,FA18:1,"TG(55:4), TG(56:11)",235,15.64,0.05000000000000071,66.0,33.0,6.42,53
"[TG(56:11),TG(55:4)]_FA18:1",12012023_FAD131_M1_5xFAD_liver_O3on_01,n-9,804.7,615.5,15.61,1675.0,391,12.68,1699.0,FAD131,FAD131_M1,5xFAD,liver,FA18:1,"TG(55:4), TG(56:11)",240,15.61,0.019999999999999574,247.0,212.0,6.42,53
"[TG(56:11),TG(55:4)]_FA18:1",12012023_FAD131_M2_5xFAD_liver_O3on_01,n-7,832.7,615.5,15.6,417.0,502,15.6,417.0,FAD131,FAD131_M2,5xFAD,liver,FA18:1,"TG(55:4), TG(56:11)",236,15.6,0.009999999999999787,36.0,13.0,26.46,54
"[TG(56:11),TG(55:4)]_FA18:1",12012023_FAD131_M2_5xFAD_liver_O3on_01,n-9,804.7,615.5,15.61,3138.0,392,15.61,3138.0,FAD131,FAD131_M2,5xFAD,liver,FA18:1,"TG(55:4), TG(56:11)",241,15.61,0.019999999999999574,367.0,344.0,26.46,54
"[TG(56:11),TG(55:4)]_FA18:1",12012023_FAD131_M4_5xFAD_liver_O3on_01,n-9,804.7,615.5,15.56,778.0,393,14.45,925.0,FAD131,FAD131_M4,5xFAD,liver,FA18:1,"TG(55:4), TG(56:11)",242,15.56,0.02999999999999936,104.0,99.0,,55
"[TG(56:11),TG(55:4)]_FA18:1",12012023_FAD173_M1_5xFAD_liver_O3on_01,n-9,804.7,615.5,15.61,1114.0,394,12.59,1539.0,FAD173,FAD173_M1,5xFAD,liver,FA18:1,"TG(55:4), TG(56:11)",243,15.61,0.019999999999999574,151.0,120.0,,56
[TG(56:6)]_FA18:1,12012023_DOD73_M2_5xFAD_liver_O3on_01,n-9,814.7,625.5,14.32,5046.0,430,14.32,5046.0,DOD73,DOD73_M2,5xFAD,liver,FA18:1,TG(56:6),259,14.32,0.02999999999999936,770.0,727.0,,57
[TG(56:6)]_FA18:1,12012023_FAD131_M1_5xFAD_liver_O3on_01,n-7,842.7,625.5,14.27,773.0,526,14.27,773.0,FAD131,FAD131_M1,5xFAD,liver,FA18:1,TG(56:6),255,14.27,0.08000000000000007,149.0,119.0,9.68,58
[TG(56:6)]_FA18:1,12012023_FAD131_M1_5xFAD_liver_O3on_01,n-9,814.7,625.5,14.41,8201.0,431,14.41,8201.0,FAD131,FAD131_M1,5xFAD,liver,FA18:1,TG(56:6),260,14.41,0.0600000000000005,1360.0,1152.0,9.68,58
[TG(56:6)]_FA18:1,12012023_FAD131_M2_5xFAD_liver_O3on_01,n-7,842.7,625.5,14.27,1494.0,527,14.27,1494.0,FAD131,FAD131_M2,5xFAD,liver,FA18:1,TG(56:6),256,14.27,0.08000000000000007,173.0,153.0,10.85,59
[TG(56:6)]_FA18:1,12012023_FAD131_M2_5xFAD_liver_O3on_01,n-9,814.7,625.5,14.36,10139.0,432,14.36,10139.0,FAD131,FAD131_M2,5xFAD,liver,FA18:1,TG(56:6),261,14.36,0.009999999999999787,1800.0,1660.0,10.85,59
[TG(56:6)]_FA18:1,12012023_FAD131_M4_5xFAD_liver_O3on_01,n-7,842.7,625.5,14.35,653.0,528,14.35,653.0,FAD131,FAD131_M4,5xFAD,liver,FA18:1,TG(56:6),257,14.35,0.0,76.0,64.0,5.73,60
[TG(56:6)]_FA18:1,12012023_FAD131_M4_5xFAD_liver_O3on_01,n-9,814.7,625.5,14.41,2710.0,433,14.41,2710.0,FAD131,FAD131_M4,5xFAD,liver,FA18:1,TG(56:6),262,14.41,0.0600000000000005,412.0,367.0,5.73,60
[TG(56:6)]_FA18:1,12012023_FAD173_M1_5xFAD_liver_O3on_01,n-7,842.7,625.5,14.27,517.0,529,15.55,562.0,FAD173,FAD173_M1,5xFAD,liver,FA18:1,TG(56:6),258,14.27,0.08000000000000007,76.0,54.0,19.41,61
[TG(56:6)]_FA18:1,12012023_FAD173_M1_5xFAD_liver_O3on_01,n-9,814.7,625.5,14.32,5795.0,434,14.32,5795.0,FAD173,FAD173_M1,5xFAD,liver,FA18:1,TG(56:6),263,14.32,0.02999999999999936,1125.0,1048.0,19.41,61
"[TG(56:7),]_FA18:1",12012023_DOD73_M2_5xFAD_liver_O3on_01,n-7,840.8,623.6,13.73,512.0,515,13.73,512.0,DOD73,DOD73_M2,5xFAD,liver,FA18:1,TG(56:7),294,13.73,0.009999999999999787,46.0,27.0,12.33,67
"[TG(56:7),]_FA18:1",12012023_DOD73_M2_5xFAD_liver_O3on_01,n-9,812.8,623.6,13.74,5109.0,415,13.74,5109.0,DOD73,DOD73_M2,5xFAD,liver,FA18:1,TG(56:7),299,13.74,0.019999999999999574,339.0,333.0,12.33,67
"[TG(56:7),]_FA18:1",12012023_FAD131_M1_5xFAD_liver_O3on_01,n-7,840.8,623.6,13.69,671.0,516,13.16,1483.0,FAD131,FAD131_M1,5xFAD,liver,FA18:1,TG(56:7),295,13.69,0.030000000000001137,55.0,39.0,16.56,68
"[TG(56:7),]_FA18:1",12012023_FAD131_M1_5xFAD_liver_O3on_01,n-9,812.8,623.6,13.78,6617.0,416,13.78,6617.0,FAD131,FAD131_M1,5xFAD,liver,FA18:1,TG(56:7),300,13.78,0.05999999999999872,684.0,646.0,16.56,68
"[TG(56:7),]_FA18:1",12012023_FAD131_M2_5xFAD_liver_O3on_01,n-7,840.8,623.6,13.64,265.0,517,13.16,1139.0,FAD131,FAD131_M2,5xFAD,liver,FA18:1,TG(56:7),296,13.64,0.08000000000000007,37.0,23.0,30.61,69
"[TG(56:7),]_FA18:1",12012023_FAD131_M2_5xFAD_liver_O3on_01,n-9,812.8,623.6,13.74,8607.0,417,13.74,8607.0,FAD131,FAD131_M2,5xFAD,liver,FA18:1,TG(56:7),301,13.74,0.019999999999999574,739.0,704.0,30.61,69
"[TG(56:7),]_FA18:1",12012023_FAD131_M4_5xFAD_liver_O3on_01,n-7,840.8,623.6,13.69,361.0,518,13.16,451.0,FAD131,FAD131_M4,5xFAD,liver,FA18:1,TG(56:7),297,13.69,0.030000000000001137,38.0,13.0,17.08,70
"[TG(56:7),]_FA18:1",12012023_FAD131_M4_5xFAD_liver_O3on_01,n-9,812.8,623.6,13.74,1854.0,418,13.74,1854.0,FAD131,FAD131_M4,5xFAD,liver,FA18:1,TG(56:7),302,13.74,0.019999999999999574,239.0,222.0,17.08,70
"[TG(56:7),]_FA18:1",12012023_FAD173_M1_5xFAD_liver_O3on_01,n-7,840.8,623.6,13.69,550.0,519,13.69,550.0,FAD173,FAD173_M1,5xFAD,liver,FA18:1,TG(56:7),298,13.69,0.030000000000001137,50.0,35.0,15.77,71
"[TG(56:7),]_FA18:1",12012023_FAD173_M1_5xFAD_liver_O3on_01,n-9,812.8,623.6,13.74,5887.0,419,13.74,5887.0,FAD173,FAD173_M1,5xFAD,liver,FA18:1,TG(56:7),303,13.74,0.019999999999999574,598.0,552.0,15.77,71
"[TG(57:10),TG(56:3)]_FA18:1",12012023_DOD73_M2_5xFAD_liver_O3on_01,n-7,848.7,631.5,17.15,711.0,560,17.15,711.0,DOD73,DOD73_M2,5xFAD,liver,FA18:1,"TG(56:3), TG(57:10)",314,17.15,0.08000000000000185,115.0,125.0,10.91,72
"[TG(57:10),TG(56:3)]_FA18:1",12012023_DOD73_M2_5xFAD_liver_O3on_01,n-9,820.7,631.5,17.25,11653.0,460,17.25,11653.0,DOD73,DOD73_M2,5xFAD,liver,FA18:1,"TG(56:3), TG(57:10)",319,17.25,0.019999999999999574,1407.0,1364.0,10.91,72
"[TG(57:10),TG(56:3)]_FA18:1",12012023_FAD131_M1_5xFAD_liver_O3on_01,n-10,806.6,631.5,17.34,252.0,401,16.23,553.0,FAD131,FAD131_M1,5xFAD,liver,FA18:1,"TG(56:3), TG(57:10)",305,17.34,0.10999999999999943,34.0,0.0,9.57,73
"[TG(57:10),TG(56:3)]_FA18:1",12012023_FAD131_M1_5xFAD_liver_O3on_01,n-7,848.7,631.5,17.19,5438.0,561,17.19,5438.0,FAD131,FAD131_M1,5xFAD,liver,FA18:1,"TG(56:3), TG(57:10)",315,17.19,0.03999999999999915,763.0,600.0,9.57,73
"[TG(57:10),TG(56:3)]_FA18:1",12012023_FAD131_M1_5xFAD_liver_O3on_01,n-9,820.7,631.5,17.29,48679.0,461,17.29,48679.0,FAD131,FAD131_M1,5xFAD,liver,FA18:1,"TG(56:3), TG(57:10)",320,17.29,0.05999999999999872,6538.0,5740.0,9.57,73
"[TG(57:10),TG(56:3)]_FA18:1",12012023_FAD131_M2_5xFAD_liver_O3on_01,n-7,848.7,631.5,17.19,7002.0,562,17.19,7002.0,FAD131,FAD131_M2,5xFAD,liver,FA18:1,"TG(56:3), TG(57:10)",316,17.19,0.03999999999999915,856.0,760.0,9.17,74
"[TG(57:10),TG(56:3)]_FA18:1",12012023_FAD131_M2_5xFAD_liver_O3on_01,n-9,820.7,631.5,17.25,58396.0,462,17.25,58396.0,FAD131,FAD131_M2,5xFAD,liver,FA18:1,"TG(56:3), TG(57:10)",321,17.25,0.019999999999999574,7554.0,6969.0,9.17,74
"[TG(57:10),TG(56:3)]_FA18:1",12012023_FAD131_M4_5xFAD_liver_O3on_01,n-7,848.7,631.5,17.19,212.0,563,18.22,495.0,FAD131,FAD131_M4,5xFAD,liver,FA18:1,"TG(56:3), TG(57:10)",317,17.19,0.03999999999999915,39.0,18.0,27.61,75
"[TG(57:10),TG(56:3)]_FA18:1",12012023_FAD131_M4_5xFAD_liver_O3on_01,n-9,820.7,631.5,17.25,5382.0,463,17.25,5382.0,FAD131,FAD131_M4,5xFAD,liver,FA18:1,"TG(56:3), TG(57:10)",322,17.25,0.019999999999999574,559.0,497.0,27.61,75
"[TG(57:10),TG(56:3)]_FA18:1",12012023_FAD173_M1_5xFAD_liver_O3on_01,n-7,848.7,631.5,17.19,1102.0,564,17.19,1102.0,FAD173,FAD173_M1,5xFAD,liver,FA18:1,"TG(56:3), TG(57:10)",318,17.19,0.03999999999999915,187.0,155.0,13.75,76
"[TG(57:10),TG(56:3)]_FA18:1",12012023_FAD173_M1_5xFAD_liver_O3on_01,n-9,820.7,631.5,17.25,17373.0,464,17.25,17373.0,FAD173,FAD173_M1,5xFAD,liver,FA18:1,"TG(56:3), TG(57:10)",323,17.25,0.019999999999999574,2207.0,2131.0,13.75,76
"[TG(57:11),TG(56:4)]_FA18:1",12012023_DOD73_M2_5xFAD_liver_O3on_01,n-7,846.7,629.5,16.04,1822.0,545,16.04,1822.0,DOD73,DOD73_M2,5xFAD,liver,FA18:1,"TG(56:4), TG(57:11)",334,16.04,0.08000000000000185,156.0,148.0,8.91,77
"[TG(57:11),TG(56:4)]_FA18:1",12012023_DOD73_M2_5xFAD_liver_O3on_01,n-9,818.7,629.5,16.14,11524.0,450,16.14,11524.0,DOD73,DOD73_M2,5xFAD,liver,FA18:1,"TG(56:4), TG(57:11)",339,16.14,0.019999999999999574,1322.0,1319.0,8.91,77
"[TG(57:11),TG(56:4)]_FA18:1",12012023_FAD131_M1_5xFAD_liver_O3on_01,n-7,846.7,629.5,16.09,5846.0,546,16.09,5846.0,FAD131,FAD131_M1,5xFAD,liver,FA18:1,"TG(56:4), TG(57:11)",335,16.09,0.030000000000001137,669.0,646.0,5.0,78
"[TG(57:11),TG(56:4)]_FA18:1",12012023_FAD131_M1_5xFAD_liver_O3on_01,n-9,818.7,629.5,16.09,21789.0,451,16.09,21789.0,FAD131,FAD131_M1,5xFAD,liver,FA18:1,"TG(56:4), TG(57:11)",340,16.09,0.030000000000001137,3236.0,3229.0,5.0,78
"[TG(57:11),TG(56:4)]_FA18:1",12012023_FAD131_M2_5xFAD_liver_O3on_01,n-7,846.7,629.5,16.04,7550.0,547,16.04,7550.0,FAD131,FAD131_M2,5xFAD,liver,FA18:1,"TG(56:4), TG(57:11)",336,16.04,0.08000000000000185,763.0,662.0,4.61,79
"[TG(57:11),TG(56:4)]_FA18:1",12012023_FAD131_M2_5xFAD_liver_O3on_01,n-9,818.7,629.5,16.09,23065.0,452,16.09,23065.0,FAD131,FAD131_M2,5xFAD,liver,FA18:1,"TG(56:4), TG(57:11)",341,16.09,0.030000000000001137,3091.0,3052.0,4.61,79
"[TG(57:11),TG(56:4)]_FA18:1",12012023_FAD131_M4_5xFAD_liver_O3on_01,n-7,846.7,629.5,16.13,417.0,548,16.13,417.0,FAD131,FAD131_M4,5xFAD,liver,FA18:1,"TG(56:4), TG(57:11)",337,16.13,0.00999999999999801,48.0,36.0,15.92,80
"[TG(57:11),TG(56:4)]_FA18:1",12012023_FAD131_M4_5xFAD_liver_O3on_01,n-9,818.7,629.5,16.14,4900.0,453,16.14,4900.0,FAD131,FAD131_M4,5xFAD,liver,FA18:1,"TG(56:4), TG(57:11)",342,16.14,0.019999999999999574,534.0,573.0,15.92,80
"[TG(57:11),TG(56:4)]_FA18:1",12012023_FAD173_M1_5xFAD_liver_O3on_01,n-7,846.7,629.5,16.04,2459.0,549,16.04,2459.0,FAD173,FAD173_M1,5xFAD,liver,FA18:1,"TG(56:4), TG(57:11)",338,16.04,0.08000000000000185,258.0,223.0,8.72,81
"[TG(57:11),TG(56:4)]_FA18:1",12012023_FAD173_M1_5xFAD_liver_O3on_01,n-9,818.7,629.5,16.09,16123.0,454,16.09,16123.0,FAD173,FAD173_M1,5xFAD,liver,FA18:1,"TG(56:4), TG(57:11)",343,16.09,0.030000000000001137,1882.0,1945.0,8.72,81
"[TG(57:12),TG(56:5)]_FA18:1",12012023_DOD73_M2_5xFAD_liver_O3on_01,n-9,816.7,627.5,14.89,1193.0,440,14.18,3193.0,DOD73,DOD73_M2,5xFAD,liver,FA18:1,"TG(56:5), TG(57:12)",359,14.89,0.02999999999999936,166.0,185.0,,82
"[TG(57:12),TG(56:5)]_FA18:1",12012023_FAD131_M1_5xFAD_liver_O3on_01,n-7,844.7,627.5,14.93,2148.0,536,14.93,2148.0,FAD131,FAD131_M1,5xFAD,liver,FA18:1,"TG(56:5), TG(57:12)",355,14.93,0.009999999999999787,249.0,243.0,2.12,83
"[TG(57:12),TG(56:5)]_FA18:1",12012023_FAD131_M1_5xFAD_liver_O3on_01,n-9,816.7,627.5,14.94,6629.0,441,14.94,6629.0,FAD131,FAD131_M1,5xFAD,liver,FA18:1,"TG(56:5), TG(57:12)",360,14.94,0.019999999999999574,478.0,515.0,2.12,83
"[TG(57:12),TG(56:5)]_FA18:1",12012023_FAD131_M2_5xFAD_liver_O3on_01,n-7,844.7,627.5,14.89,1967.0,537,14.89,1967.0,FAD131,FAD131_M2,5xFAD,liver,FA18:1,"TG(56:5), TG(57:12)",356,14.89,0.02999999999999936,226.0,198.0,3.01,84
"[TG(57:12),TG(56:5)]_FA18:1",12012023_FAD131_M2_5xFAD_liver_O3on_01,n-9,816.7,627.5,14.94,5463.0,442,15.12,5627.0,FAD131,FAD131_M2,5xFAD,liver,FA18:1,"TG(56:5), TG(57:12)",361,14.94,0.019999999999999574,520.0,595.0,3.01,84
"[TG(57:12),TG(56:5)]_FA18:1",12012023_FAD131_M4_5xFAD_liver_O3on_01,n-9,816.7,627.5,14.94,2874.0,443,14.94,2874.0,FAD131,FAD131_M4,5xFAD,liver,FA18:1,"TG(56:5), TG(57:12)",362,14.94,0.019999999999999574,348.0,230.0,,85
"[TG(57:12),TG(56:5)]_FA18:1",12012023_FAD173_M1_5xFAD_liver_O3on_01,n-7,844.7,627.5,14.84,669.0,539,14.84,669.0,FAD173,FAD173_M1,5xFAD,liver,FA18:1,"TG(56:5), TG(57:12)",358,14.84,0.08000000000000007,60.0,36.0,10.28,86
"[TG(57:12),TG(56:5)]_FA18:1",12012023_FAD173_M1_5xFAD_liver_O3on_01,n-9,816.7,627.5,14.94,4468.0,444,14.94,4468.0,FAD173,FAD173_M1,5xFAD,liver,FA18:1,"TG(56:5), TG(57:12)",363,14.94,0.019999999999999574,429.0,370.0,10.28,86
"[TG(57:9),TG(56:2)]_FA18:1",12012023_DOD73_M2_5xFAD_liver_O3on_01,n-9,822.8,633.6,18.44,6926.0,470,18.44,6926.0,DOD73,DOD73_M2,5xFAD,liver,FA18:1,"TG(56:2), TG(57:9)",379,18.44,0.010000000000001563,952.0,799.0,,87
"[TG(57:9),TG(56:2)]_FA18:1",12012023_FAD131_M1_5xFAD_liver_O3on_01,n-7,850.8,633.6,18.44,1663.0,566,18.44,1663.0,FAD131,FAD131_M1,5xFAD,liver,FA18:1,"TG(56:2), TG(57:9)",375,18.44,0.010000000000001563,176.0,165.0,18.51,88
"[TG(57:9),TG(56:2)]_FA18:1",12012023_FAD131_M1_5xFAD_liver_O3on_01,n-9,822.8,633.6,18.44,23010.0,471,18.44,23010.0,FAD131,FAD131_M1,5xFAD,liver,FA18:1,"TG(56:2), TG(57:9)",380,18.44,0.010000000000001563,3676.0,3054.0,18.51,88
"[TG(57:9),TG(56:2)]_FA18:1",12012023_FAD131_M2_5xFAD_liver_O3on_01,n-7,850.8,633.6,18.39,2656.0,567,18.39,2656.0,FAD131,FAD131_M2,5xFAD,liver,FA18:1,"TG(56:2), TG(57:9)",376,18.39,0.03999999999999915,280.0,216.0,19.39,89
"[TG(57:9),TG(56:2)]_FA18:1",12012023_FAD131_M2_5xFAD_liver_O3on_01,n-9,822.8,633.6,18.44,29542.0,472,18.44,29542.0,FAD131,FAD131_M2,5xFAD,liver,FA18:1,"TG(56:2), TG(57:9)",381,18.44,0.010000000000001563,5078.0,4188.0,19.39,89
"[TG(57:9),TG(56:2)]_FA18:1",12012023_FAD131_M4_5xFAD_liver_O3on_01,n-9,822.8,633.6,18.44,1127.0,473,18.44,1127.0,FAD131,FAD131_M4,5xFAD,liver,FA18:1,"TG(56:2), TG(57:9)",382,18.44,0.010000000000001563,192.0,122.0,,90
"[TG(57:9),TG(56:2)]_FA18:1",12012023_FAD173_M1_5xFAD_liver_O3on_01,n-7,850.8,633.6,18.3,798.0,569,18.3,798.0,FAD173,FAD173_M1,5xFAD,liver,FA18:1,"TG(56:2), TG(57:9)",378,18.3,0.129999999999999,99.0,88.0,15.78,91
"[TG(57:9),TG(56:2)]_FA18:1",12012023_FAD173_M1_5xFAD_liver_O3on_01,n-9,822.8,633.6,18.44,9515.0,474,18.44,9515.0,FAD173,FAD173_M1,5xFAD,liver,FA18:1,"TG(56:2), TG(57:9)",383,18.44,0.010000000000001563,1555.0,1389.0,15.78,91
"[TG(58:7),]_FA18:1",12012023_DOD73_M2_5xFAD_liver_O3on_01,n-9,840.8,651.6,14.22,808.0,520,12.89,1356.0,DOD73,DOD73_M2,5xFAD,liver,FA18:1,TG(58:7),399,14.22,0.009999999999999787,118.0,138.0,,92
"[TG(58:7),]_FA18:1",12012023_FAD131_M1_5xFAD_liver_O3on_01,n-9,840.8,651.6,14.27,2162.0,521,14.27,2162.0,FAD131,FAD131_M1,5xFAD,liver,FA18:1,TG(58:7),400,14.27,0.05999999999999872,234.0,231.0,,93
"[TG(58:7),]_FA18:1",12012023_FAD131_M2_5xFAD_liver_O3on_01,n-9,840.8,651.6,14.22,2006.0,522,14.22,2006.0,FAD131,FAD131_M2,5xFAD,liver,FA18:1,TG(58:7),401,14.22,0.009999999999999787,337.0,325.0,,94
"[TG(58:7),]_FA18:1",12012023_FAD131_M4_5xFAD_liver_O3on_01,n-9,840.8,651.6,14.18,885.0,523,14.18,885.0,FAD131,FAD131_M4,5xFAD,liver,FA18:1,TG(58:7),402,14.18,0.030000000000001137,126.0,124.0,,95
"[TG(58:7),]_FA18:1",12012023_FAD173_M1_5xFAD_liver_O3on_01,n-9,840.8,651.6,14.22,1044.0,524,12.85,1222.0,FAD173,FAD173_M1,5xFAD,liver,FA18:1,TG(58:7),403,14.22,0.009999999999999787,145.0,161.0,,96
"[TG(59:11),TG(58:4)]_FA18:1",12012023_DOD73_M2_5xFAD_liver_O3on_01,n-9,846.8,657.6,17.15,1534.0,555,17.15,1534.0,DOD73,DOD73_M2,5xFAD,liver,FA18:1,"TG(58:4), TG(59:11)",419,17.15,0.0400000000000027,218.0,166.0,,97
"[TG(59:11),TG(58:4)]_FA18:1",12012023_FAD131_M1_5xFAD_liver_O3on_01,n-7,874.8,657.6,17.19,1079.0,606,17.19,1079.0,FAD131,FAD131_M1,5xFAD,liver,FA18:1,"TG(58:4), TG(59:11)",415,17.19,0.0,105.0,80.0,6.45,98
"[TG(59:11),TG(58:4)]_FA18:1",12012023_FAD131_M1_5xFAD_liver_O3on_01,n-9,846.8,657.6,17.24,3587.0,556,17.24,3587.0,FAD131,FAD131_M1,5xFAD,liver,FA18:1,"TG(58:4), TG(59:11)",420,17.24,0.04999999999999716,549.0,516.0,6.45,98
"[TG(59:11),TG(58:4)]_FA18:1",12012023_FAD131_M2_5xFAD_liver_O3on_01,n-7,874.8,657.6,17.1,778.0,607,17.1,778.0,FAD131,FAD131_M2,5xFAD,liver,FA18:1,"TG(58:4), TG(59:11)",416,17.1,0.08999999999999986,91.0,54.0,8.57,99
"[TG(59:11),TG(58:4)]_FA18:1",12012023_FAD131_M2_5xFAD_liver_O3on_01,n-9,846.8,657.6,17.2,3767.0,557,17.2,3767.0,FAD131,FAD131_M2,5xFAD,liver,FA18:1,"TG(58:4), TG(59:11)",421,17.2,0.00999999999999801,591.0,463.0,8.57,99
"[TG(59:11),TG(58:4)]_FA18:1",12012023_FAD173_M1_5xFAD_liver_O3on_01,n-9,846.8,657.6,17.2,3132.0,559,17.2,3132.0,FAD173,FAD173_M1,5xFAD,liver,FA18:1,"TG(58:4), TG(59:11)",423,17.2,0.00999999999999801,538.0,439.0,,100
"[TG(59:12),TG(58:5)]_FA18:1",12012023_DOD73_M2_5xFAD_liver_O3on_01,n-9,844.7,655.5,16.0,590.0,540,16.0,590.0,DOD73,DOD73_M2,5xFAD,liver,FA18:1,"TG(58:5), TG(59:12)",436,16.0,0.030000000000001137,74.0,46.0,,101
"[TG(59:12),TG(58:5)]_FA18:1",12012023_FAD131_M1_5xFAD_liver_O3on_01,n-9,844.7,655.5,16.04,770.0,541,16.04,770.0,FAD131,FAD131_M1,5xFAD,liver,FA18:1,"TG(58:5), TG(59:12)",437,16.04,0.00999999999999801,134.0,100.0,,102
"[TG(59:12),TG(58:5)]_FA18:1",12012023_FAD131_M2_5xFAD_liver_O3on_01,n-9,844.7,655.5,16.04,619.0,542,16.04,619.0,FAD131,FAD131_M2,5xFAD,liver,FA18:1,"TG(58:5), TG(59:12)",438,16.04,0.00999999999999801,101.0,79.0,,103
"[TG(59:12),TG(58:5)]_FA18:1",12012023_FAD173_M1_5xFAD_liver_O3on_01,n-9,844.7,655.5,16.04,642.0,544,16.04,642.0,FAD173,FAD173_M1,5xFAD,liver,FA18:1,"TG(58:5), TG(59:12)",439,16.04,0.00999999999999801,99.0,67.0,,104
"[TG(59:13),TG(58:6)]_FA18:1",12012023_DOD73_M2_5xFAD_liver_O3on_01,n-9,842.7,653.5,15.51,489.0,530,15.51,489.0,DOD73,DOD73_M2,5xFAD,liver,FA18:1,"TG(58:6), TG(59:13)",455,15.51,0.02999999999999936,64.0,33.0,,105
"[TG(59:13),TG(58:6)]_FA18:1",12012023_FAD131_M1_5xFAD_liver_O3on_01,n-9,842.7,653.5,15.51,1293.0,531,15.51,1293.0,FAD131,FAD131_M1,5xFAD,liver,FA18:1,"TG(58:6), TG(59:13)",456,15.51,0.02999999999999936,212.0,257.0,,106
"[TG(59:13),TG(58:6)]_FA18:1",12012023_FAD131_M2_5xFAD_liver_O3on_01,n-9,842.7,653.5,15.55,1197.0,532,15.55,1197.0,FAD131,FAD131_M2,5xFAD,liver,FA18:1,"TG(58:6), TG(59:13)",457,15.55,0.010000000000001563,165.0,89.0,,107
"[TG(59:13),TG(58:6)]_FA18:1",12012023_FAD173_M1_5xFAD_liver_O3on_01,n-9,842.7,653.5,15.29,730.0,534,15.29,730.0,FAD173,FAD173_M1,5xFAD,liver,FA18:1,"TG(58:6), TG(59:13)",459,15.29,0.25,85.0,107.0,,108
[TG(52:6)]_FA18:2,12012023_FAD131_M1_5xFAD_liver_O3on_01,n-7,786.7,571.5,11.62,629.0,296,11.62,629.0,FAD131,FAD131_M1,5xFAD,liver,,TG(52:6),51,11.62,0.10999999999999943,50.0,27.0,0.0,10
[TG(52:6)]_FA18:2,12012023_FAD131_M2_5xFAD_liver_O3on_01,n-10,744.6,571.5,11.45,155.0,117,10.87,517.0,FAD131,FAD131_M2,5xFAD,liver,,TG(52:6),42,11.45,0.0600000000000005,20.0,0.0,,11
[TG(52:6)]_FA18:2,12012023_FAD131_M2_5xFAD_liver_O3on_01,n-7,786.7,571.5,11.57,254.0,297,11.66,413.0,FAD131,FAD131_M2,5xFAD,liver,,TG(52:6),52,11.57,0.0600000000000005,19.0,0.0,,11
