Lipid,Sample_ID,db,Parent_Ion,Product_Ion,Retention_Time,OzESI_Intensity,Biology,Genotype,FAC,TG,Group,Max_Intensity,Cluster_RT,Cluster_Ground_Truth_Dif,Area,Area_DDT,Area_DDT_Ratio,Mouse,SLBG_group
[TG(52:5)]_FA16:1,12012023_DOD73_M2_5xFAD_liver_O3on_01,n-10,746.6,599.5,12.83,501.0,liver,5xFAD,FA16:1,TG(52:5),20,501.0,12.82535,0.07535000000000025,53.0,85.0,0.08,DOD73_M2,5
[TG(52:5)]_FA16:1,12012023_DOD73_M2_5xFAD_liver_O3on_01,n-7,788.7,599.5,12.64,49192.0,liver,5xFAD,FA16:1,TG(52:5),30,49192.0,12.636866666666668,0.11313333333333198,6570.0,6674.0,0.08,DOD73_M2,5
[TG(52:5)]_FA16:1,12012023_DOD73_M2_5xFAD_liver_O3on_01,n-9,760.7,599.5,12.69,5585.0,liver,5xFAD,FA16:1,TG(52:5),35,5585.0,12.689166666666667,0.06083333333333307,700.0,537.0,0.08,DOD73_M2,5
[TG(52:5)]_FA16:1,12012023_FAD131_M1_5xFAD_liver_O3on_01,n-10,746.6,599.5,12.88,954.0,liver,5xFAD,FA16:1,TG(52:5),21,954.0,12.958866666666667,0.2088666666666672,29.0,61.0,0.3,FAD131_M1,6
[TG(52:5)]_FA16:1,12012023_FAD131_M1_5xFAD_liver_O3on_01,n-7,788.7,599.5,12.68,43297.0,liver,5xFAD,FA16:1,TG(52:5),31,43297.0,12.681283333333335,0.0687166666666652,7031.0,6880.0,0.3,FAD131_M1,6
[TG(52:5)]_FA16:1,12012023_FAD131_M1_5xFAD_liver_O3on_01,n-9,760.7,599.5,12.73,14527.0,liver,5xFAD,FA16:1,TG(52:5),36,14527.0,12.733600000000001,0.016399999999999082,2186.0,2063.0,0.3,FAD131_M1,6
[TG(52:5)]_FA16:1,12012023_FAD131_M2_5xFAD_liver_O3on_01,n-10,746.6,599.5,12.88,737.0,liver,5xFAD,FA16:1,TG(52:5),22,737.0,12.914466666666668,0.16446666666666765,37.0,69.0,0.44,FAD131_M2,7
[TG(52:5)]_FA16:1,12012023_FAD131_M2_5xFAD_liver_O3on_01,n-7,788.7,599.5,12.64,44874.0,liver,5xFAD,FA16:1,TG(52:5),32,44874.0,12.6369,0.11309999999999931,6147.0,5736.0,0.44,FAD131_M2,7
[TG(52:5)]_FA16:1,12012023_FAD131_M2_5xFAD_liver_O3on_01,n-9,760.7,599.5,12.73,20182.0,liver,5xFAD,FA16:1,TG(52:5),37,20182.0,12.733616666666668,0.016383333333331862,2832.0,2548.0,0.44,FAD131_M2,7
[TG(52:5)]_FA16:1,12012023_FAD131_M4_5xFAD_liver_O3on_01,n-10,746.6,599.5,12.88,665.0,liver,5xFAD,FA16:1,TG(52:5),23,665.0,12.869783333333334,0.11978333333333424,48.0,81.0,0.22,FAD131_M4,8
[TG(52:5)]_FA16:1,12012023_FAD131_M4_5xFAD_liver_O3on_01,n-7,788.7,599.5,12.64,31804.0,liver,5xFAD,FA16:1,TG(52:5),33,31804.0,12.63715,0.1128499999999999,4241.0,3702.0,0.22,FAD131_M4,8
[TG(52:5)]_FA16:1,12012023_FAD131_M4_5xFAD_liver_O3on_01,n-9,760.7,599.5,12.69,6253.0,liver,5xFAD,FA16:1,TG(52:5),38,6253.0,12.689183333333334,0.06081666666666585,826.0,827.0,0.22,FAD131_M4,8
[TG(52:5)]_FA16:1,12012023_FAD173_M1_5xFAD_liver_O3on_01,n-10,746.6,599.5,12.9,461.0,liver,5xFAD,FA16:1,TG(52:5),24,461.0,12.914483333333333,0.1644833333333331,52.0,83.0,0.35,FAD173_M1,9
[TG(52:5)]_FA16:1,12012023_FAD173_M1_5xFAD_liver_O3on_01,n-7,788.7,599.5,12.64,50976.0,liver,5xFAD,FA16:1,TG(52:5),34,50976.0,12.636916666666668,0.11308333333333209,6233.0,6118.0,0.35,FAD173_M1,9
[TG(52:5)]_FA16:1,12012023_FAD173_M1_5xFAD_liver_O3on_01,n-9,760.7,599.5,12.69,16993.0,liver,5xFAD,FA16:1,TG(52:5),39,16993.0,12.689216666666667,0.06078333333333319,2314.0,2166.0,0.35,FAD173_M1,9
"[TG(55:11),TG(54:4)]_FA16:1",12012023_DOD73_M2_5xFAD_liver_O3on_01,n-7,818.7,629.5,14.98,6641.0,liver,5xFAD,FA16:1,"TG(54:4), TG(55:11)",130,6641.0,14.981583333333335,0.02841666666666498,747.0,706.0,0.05,DOD73_M2,28
"[TG(55:11),TG(54:4)]_FA16:1",12012023_DOD73_M2_5xFAD_liver_O3on_01,n-9,790.7,629.5,15.3,330.0,liver,5xFAD,FA16:1,"TG(54:4), TG(55:11)",135,330.0,,,60.0,34.0,0.05,DOD73_M2,28
"[TG(55:11),TG(54:4)]_FA16:1",12012023_FAD131_M1_5xFAD_liver_O3on_01,n-7,818.7,629.5,14.94,12478.0,liver,5xFAD,FA16:1,"TG(54:4), TG(55:11)",131,12478.0,14.936916666666667,0.07308333333333294,1611.0,1635.0,0.15,FAD131_M1,29
"[TG(55:11),TG(54:4)]_FA16:1",12012023_FAD131_M1_5xFAD_liver_O3on_01,n-9,790.7,629.5,15.12,1752.0,liver,5xFAD,FA16:1,"TG(54:4), TG(55:11)",136,1752.0,15.122783333333334,0.11278333333333457,208.0,240.0,0.15,FAD131_M1,29
"[TG(55:11),TG(54:4)]_FA16:1",12012023_FAD131_M2_5xFAD_liver_O3on_01,n-7,818.7,629.5,14.94,10225.0,liver,5xFAD,FA16:1,"TG(54:4), TG(55:11)",132,10225.0,14.936933333333334,0.07306666666666572,1404.0,1324.0,0.17,FAD131_M2,30
"[TG(55:11),TG(54:4)]_FA16:1",12012023_FAD131_M2_5xFAD_liver_O3on_01,n-9,790.7,629.5,15.08,2796.0,liver,5xFAD,FA16:1,"TG(54:4), TG(55:11)",137,2796.0,15.078383333333335,0.06838333333333502,255.0,227.0,0.17,FAD131_M2,30
"[TG(55:11),TG(54:4)]_FA16:1",12012023_FAD131_M4_5xFAD_liver_O3on_01,n-7,818.7,629.5,14.94,4048.0,liver,5xFAD,FA16:1,"TG(54:4), TG(55:11)",133,4048.0,14.937183333333333,0.07281666666666631,420.0,448.0,0.0,FAD131_M4,31
"[TG(55:11),TG(54:4)]_FA16:1",12012023_FAD173_M1_5xFAD_liver_O3on_01,n-7,818.7,629.5,14.94,9752.0,liver,5xFAD,FA16:1,"TG(54:4), TG(55:11)",134,9752.0,14.936950000000001,0.0730499999999985,1116.0,1056.0,0.0,FAD173_M1,32
"[TG(56:7),]_FA16:1",12012023_DOD73_M2_5xFAD_liver_O3on_01,n-7,840.8,651.6,13.02,836.0,liver,5xFAD,FA16:1,TG(56:7),270,836.0,13.022966666666667,0.12703333333333333,126.0,141.0,0.0,DOD73_M2,63
"[TG(56:7),]_FA16:1",12012023_FAD131_M1_5xFAD_liver_O3on_01,n-7,840.8,651.6,13.07,1236.0,liver,5xFAD,FA16:1,TG(56:7),271,1236.0,13.067400000000001,0.08259999999999934,202.0,230.0,0.34,FAD131_M1,64
"[TG(56:7),]_FA16:1",12012023_FAD131_M1_5xFAD_liver_O3on_01,n-9,812.8,651.6,13.03,808.0,liver,5xFAD,FA16:1,TG(56:7),276,808.0,13.02945,0.12054999999999971,102.0,79.0,0.34,FAD131_M1,64
"[TG(56:7),]_FA16:1",12012023_FAD131_M2_5xFAD_liver_O3on_01,n-7,840.8,651.6,13.07,1568.0,liver,5xFAD,FA16:1,TG(56:7),272,1568.0,13.067683333333333,0.08231666666666726,225.0,245.0,0.41,FAD131_M2,65
"[TG(56:7),]_FA16:1",12012023_FAD131_M2_5xFAD_liver_O3on_01,n-9,812.8,651.6,13.12,1275.0,liver,5xFAD,FA16:1,TG(56:7),277,1275.0,13.118283333333334,0.03171666666666617,110.0,100.0,0.41,FAD131_M2,65
"[TG(56:7),]_FA16:1",12012023_FAD131_M4_5xFAD_liver_O3on_01,n-7,840.8,651.6,12.98,577.0,liver,5xFAD,FA16:1,TG(56:7),273,577.0,12.978583333333335,0.17141666666666566,74.0,99.0,0.0,FAD131_M4,66
"[TG(56:7),]_FA16:1",12012023_FAD173_M1_5xFAD_liver_O3on_01,n-7,840.8,651.6,12.9,1222.0,liver,5xFAD,FA16:1,TG(56:7),274,1222.0,12.978616666666667,0.171383333333333,131.0,128.0,0.7,FAD173_M1,67
"[TG(56:7),]_FA16:1",12012023_FAD173_M1_5xFAD_liver_O3on_01,n-9,812.8,651.6,12.99,689.0,liver,5xFAD,FA16:1,TG(56:7),279,689.0,12.985066666666667,0.16493333333333382,84.0,90.0,0.7,FAD173_M1,67
[TG(50:3)]_FA18:1,12012023_DOD73_M2_5xFAD_liver_O3on_01,n-10,722.7,547.5,13.94,354.0,liver,5xFAD,FA18:1,TG(50:3),0,354.0,,,55.0,19.0,6.98,DOD73_M2,0
[TG(50:3)]_FA18:1,12012023_DOD73_M2_5xFAD_liver_O3on_01,n-7,764.7,547.5,13.89,1214.0,liver,5xFAD,FA18:1,TG(50:3),10,1214.0,13.887266666666667,0.11273333333333291,217.0,262.0,6.98,DOD73_M2,0
[TG(50:3)]_FA18:1,12012023_DOD73_M2_5xFAD_liver_O3on_01,n-9,736.7,547.5,13.94,13197.0,liver,5xFAD,FA18:1,TG(50:3),15,13197.0,13.937266666666668,0.0627333333333322,2147.0,1829.0,6.98,DOD73_M2,0
[TG(50:3)]_FA18:1,12012023_FAD131_M1_5xFAD_liver_O3on_01,n-10,722.7,547.5,14.03,472.0,liver,5xFAD,FA18:1,TG(50:3),1,472.0,14.027283333333335,0.02728333333333488,78.0,72.0,10.1,FAD131_M1,1
[TG(50:3)]_FA18:1,12012023_FAD131_M1_5xFAD_liver_O3on_01,n-7,764.7,547.5,13.93,2417.0,liver,5xFAD,FA18:1,TG(50:3),11,2417.0,13.931683333333334,0.06831666666666614,527.0,463.0,10.1,FAD131_M1,1
[TG(50:3)]_FA18:1,12012023_FAD131_M1_5xFAD_liver_O3on_01,n-9,736.7,547.5,13.98,32075.0,liver,5xFAD,FA18:1,TG(50:3),16,32075.0,13.981683333333335,0.018316666666665427,4972.0,4676.0,10.1,FAD131_M1,1
[TG(50:3)]_FA18:1,12012023_FAD131_M2_5xFAD_liver_O3on_01,n-10,722.7,547.5,13.94,395.0,liver,5xFAD,FA18:1,TG(50:3),2,395.0,,,54.0,34.0,11.2,FAD131_M2,2
[TG(50:3)]_FA18:1,12012023_FAD131_M2_5xFAD_liver_O3on_01,n-7,764.7,547.5,13.93,4463.0,liver,5xFAD,FA18:1,TG(50:3),12,4463.0,13.931700000000001,0.06829999999999892,758.0,622.0,11.2,FAD131_M2,2
[TG(50:3)]_FA18:1,12012023_FAD131_M2_5xFAD_liver_O3on_01,n-9,736.7,547.5,13.98,44610.0,liver,5xFAD,FA18:1,TG(50:3),17,44610.0,13.9817,0.018299999999999983,7830.0,6964.0,11.2,FAD131_M2,2
[TG(50:3)]_FA18:1,12012023_FAD131_M4_5xFAD_liver_O3on_01,n-7,764.7,547.5,13.89,1084.0,liver,5xFAD,FA18:1,TG(50:3),13,1084.0,13.887283333333334,0.11271666666666569,148.0,115.0,7.7,FAD131_M4,3
[TG(50:3)]_FA18:1,12012023_FAD131_M4_5xFAD_liver_O3on_01,n-9,736.7,547.5,13.98,7339.0,liver,5xFAD,FA18:1,TG(50:3),18,7339.0,13.981683333333335,0.018316666666665427,1005.0,886.0,7.7,FAD131_M4,3
[TG(50:3)]_FA18:1,12012023_FAD173_M1_5xFAD_liver_O3on_01,n-7,764.7,547.5,13.89,1142.0,liver,5xFAD,FA18:1,TG(50:3),14,1142.0,13.887300000000002,0.11269999999999847,207.0,208.0,11.92,FAD173_M1,4
[TG(50:3)]_FA18:1,12012023_FAD173_M1_5xFAD_liver_O3on_01,n-9,736.7,547.5,13.94,15215.0,liver,5xFAD,FA18:1,TG(50:3),19,15215.0,13.9373,0.06269999999999953,2641.0,2480.0,11.92,FAD173_M1,4
"[TG(52:7),]_FA18:1",12012023_FAD131_M1_5xFAD_liver_O3on_01,n-9,756.7,567.5,17.0,587.0,liver,5xFAD,FA18:1,TG(52:7),56,587.0,16.99755,0.06244999999999834,77.0,44.0,,FAD131_M1,10
"[TG(52:7),]_FA18:1",12012023_FAD131_M2_5xFAD_liver_O3on_01,n-9,756.7,567.5,17.0,952.0,liver,5xFAD,FA18:1,TG(52:7),57,952.0,16.997566666666668,0.06243333333333112,94.0,99.0,,FAD131_M2,11
"[TG(52:7),]_FA18:1",12012023_FAD173_M1_5xFAD_liver_O3on_01,n-9,756.7,567.5,17.04,430.0,liver,5xFAD,FA18:1,TG(52:7),59,430.0,17.041983333333334,0.01801666666666435,58.0,58.0,,FAD173_M1,12
[TG(54:5)]_FA18:1,12012023_DOD73_M2_5xFAD_liver_O3on_01,n-7,816.7,599.5,13.78,5788.0,liver,5xFAD,FA18:1,TG(54:5),70,5788.0,13.783183333333334,0.12681666666666658,673.0,705.0,7.17,DOD73_M2,13
[TG(54:5)]_FA18:1,12012023_DOD73_M2_5xFAD_liver_O3on_01,n-9,788.7,599.5,13.84,38262.0,liver,5xFAD,FA18:1,TG(54:5),75,38262.0,13.836116666666667,0.07388333333333286,5026.0,5054.0,7.17,DOD73_M2,13
[TG(54:5)]_FA18:1,12012023_FAD131_M1_5xFAD_liver_O3on_01,n-7,816.7,599.5,13.83,9143.0,liver,5xFAD,FA18:1,TG(54:5),71,9143.0,13.8276,0.0823999999999998,1435.0,1256.0,5.64,FAD131_M1,14
[TG(54:5)]_FA18:1,12012023_FAD131_M1_5xFAD_liver_O3on_01,n-9,788.7,599.5,13.88,52768.0,liver,5xFAD,FA18:1,TG(54:5),76,52768.0,13.880266666666667,0.029733333333332723,7612.0,7085.0,5.64,FAD131_M1,14
[TG(54:5)]_FA18:1,12012023_FAD131_M2_5xFAD_liver_O3on_01,n-10,774.6,599.5,13.88,588.0,liver,5xFAD,FA18:1,TG(54:5),62,588.0,13.88495,0.02505000000000024,53.0,21.0,7.74,FAD131_M2,15
[TG(54:5)]_FA18:1,12012023_FAD131_M2_5xFAD_liver_O3on_01,n-7,816.7,599.5,13.78,12026.0,liver,5xFAD,FA18:1,TG(54:5),72,12026.0,13.7832,0.12679999999999936,1318.0,1130.0,7.74,FAD131_M2,15
[TG(54:5)]_FA18:1,12012023_FAD131_M2_5xFAD_liver_O3on_01,n-9,788.7,599.5,13.88,58631.0,liver,5xFAD,FA18:1,TG(54:5),77,58631.0,13.880283333333335,0.029716666666665503,8982.0,8745.0,7.74,FAD131_M2,15
[TG(54:5)]_FA18:1,12012023_FAD131_M4_5xFAD_liver_O3on_01,n-10,774.6,599.5,13.88,486.0,liver,5xFAD,FA18:1,TG(54:5),63,486.0,13.884933333333334,0.025066666666665682,43.0,14.0,6.75,FAD131_M4,16
[TG(54:5)]_FA18:1,12012023_FAD131_M4_5xFAD_liver_O3on_01,n-7,816.7,599.5,13.78,5135.0,liver,5xFAD,FA18:1,TG(54:5),73,5135.0,13.7832,0.12679999999999936,543.0,540.0,6.75,FAD131_M4,16
[TG(54:5)]_FA18:1,12012023_FAD131_M4_5xFAD_liver_O3on_01,n-9,788.7,599.5,13.88,30665.0,liver,5xFAD,FA18:1,TG(54:5),78,30665.0,13.880533333333334,0.029466666666666086,3836.0,3646.0,6.75,FAD131_M4,16
[TG(54:5)]_FA18:1,12012023_FAD173_M1_5xFAD_liver_O3on_01,n-7,816.7,599.5,13.78,8106.0,liver,5xFAD,FA18:1,TG(54:5),74,8106.0,13.783216666666668,0.12678333333333214,551.0,464.0,11.81,FAD173_M1,17
[TG(54:5)]_FA18:1,12012023_FAD173_M1_5xFAD_liver_O3on_01,n-9,788.7,599.5,13.84,45432.0,liver,5xFAD,FA18:1,TG(54:5),79,45432.0,13.8359,0.07409999999999961,5568.0,5480.0,11.81,FAD173_M1,17
[TG(54:6)]_FA18:1,12012023_DOD73_M2_5xFAD_liver_O3on_01,n-7,814.7,597.5,12.76,597.0,liver,5xFAD,FA18:1,TG(54:6),90,597.0,12.762400000000001,0.03759999999999941,109.0,86.0,15.22,DOD73_M2,18
[TG(54:6)]_FA18:1,12012023_DOD73_M2_5xFAD_liver_O3on_01,n-9,786.7,597.5,12.77,10734.0,liver,5xFAD,FA18:1,TG(54:6),95,10734.0,12.77065,0.029350000000000875,1419.0,1309.0,15.22,DOD73_M2,18
[TG(54:6)]_FA18:1,12012023_FAD131_M1_5xFAD_liver_O3on_01,n-7,814.7,597.5,12.72,1291.0,liver,5xFAD,FA18:1,TG(54:6),91,1291.0,12.718016666666667,0.08198333333333352,98.0,42.0,38.98,FAD131_M1,19
[TG(54:6)]_FA18:1,12012023_FAD131_M1_5xFAD_liver_O3on_01,n-9,786.7,597.5,12.82,10041.0,liver,5xFAD,FA18:1,TG(54:6),96,10041.0,12.815083333333334,0.015083333333333115,1513.0,1637.0,38.98,FAD131_M1,19
[TG(54:6)]_FA18:1,12012023_FAD131_M2_5xFAD_liver_O3on_01,n-7,814.7,597.5,12.76,1439.0,liver,5xFAD,FA18:1,TG(54:6),92,1439.0,12.762433333333334,0.03756666666666675,180.0,155.0,8.69,FAD131_M2,20
[TG(54:6)]_FA18:1,12012023_FAD131_M2_5xFAD_liver_O3on_01,n-9,786.7,597.5,12.77,7895.0,liver,5xFAD,FA18:1,TG(54:6),97,7895.0,12.770683333333334,0.029316666666666436,1268.0,1347.0,8.69,FAD131_M2,20
[TG(54:6)]_FA18:1,12012023_FAD131_M4_5xFAD_liver_O3on_01,n-7,814.7,597.5,12.67,709.0,liver,5xFAD,FA18:1,TG(54:6),93,709.0,12.673616666666668,0.12638333333333307,116.0,98.0,6.0,FAD131_M4,21
[TG(54:6)]_FA18:1,12012023_FAD131_M4_5xFAD_liver_O3on_01,n-9,786.7,597.5,12.73,4295.0,liver,5xFAD,FA18:1,TG(54:6),98,4295.0,12.726266666666668,0.0737333333333332,537.0,588.0,6.0,FAD131_M4,21
[TG(54:6)]_FA18:1,12012023_FAD173_M1_5xFAD_liver_O3on_01,n-7,814.7,597.5,12.67,1020.0,liver,5xFAD,FA18:1,TG(54:6),94,1020.0,12.673633333333333,0.12636666666666763,127.0,80.0,14.58,FAD173_M1,22
[TG(54:6)]_FA18:1,12012023_FAD173_M1_5xFAD_liver_O3on_01,n-9,786.7,597.5,12.77,7405.0,liver,5xFAD,FA18:1,TG(54:6),99,7405.0,12.770700000000001,0.029299999999999216,1191.0,1166.0,14.58,FAD173_M1,22
"[TG(55:10),TG(54:3)]_FA18:1",12012023_DOD73_M2_5xFAD_liver_O3on_01,n-7,820.7,603.5,16.14,16109.0,liver,5xFAD,FA18:1,"TG(54:3), TG(55:10)",110,16109.0,16.135316666666668,0.12468333333333348,1635.0,1537.0,10.64,DOD73_M2,23
"[TG(55:10),TG(54:3)]_FA18:1",12012023_DOD73_M2_5xFAD_liver_O3on_01,n-9,792.7,603.5,16.19,130171.0,liver,5xFAD,FA18:1,"TG(54:3), TG(55:10)",115,130171.0,16.187933333333334,0.07206666666666806,16852.0,16354.0,10.64,DOD73_M2,23
"[TG(55:10),TG(54:3)]_FA18:1",12012023_FAD131_M1_5xFAD_liver_O3on_01,n-10,778.6,603.5,16.24,1124.0,liver,5xFAD,FA18:1,"TG(54:3), TG(55:10)",101,1124.0,16.23646666666667,0.023533333333332962,169.0,173.0,6.57,FAD131_M1,24
"[TG(55:10),TG(54:3)]_FA18:1",12012023_FAD131_M1_5xFAD_liver_O3on_01,n-7,820.7,603.5,16.18,43154.0,liver,5xFAD,FA18:1,"TG(54:3), TG(55:10)",111,43154.0,16.179733333333335,0.08026666666666671,6162.0,6044.0,6.57,FAD131_M1,24
"[TG(55:10),TG(54:3)]_FA18:1",12012023_FAD131_M1_5xFAD_liver_O3on_01,n-9,792.7,603.5,16.23,275678.0,liver,5xFAD,FA18:1,"TG(54:3), TG(55:10)",116,275678.0,16.23235,0.027650000000001285,41049.0,39738.0,6.57,FAD131_M1,24
"[TG(55:10),TG(54:3)]_FA18:1",12012023_FAD131_M2_5xFAD_liver_O3on_01,n-10,778.6,603.5,16.24,1642.0,liver,5xFAD,FA18:1,"TG(54:3), TG(55:10)",102,1642.0,16.23646666666667,0.023533333333332962,255.0,291.0,7.75,FAD131_M2,25
"[TG(55:10),TG(54:3)]_FA18:1",12012023_FAD131_M2_5xFAD_liver_O3on_01,n-7,820.7,603.5,16.14,75285.0,liver,5xFAD,FA18:1,"TG(54:3), TG(55:10)",112,75285.0,16.135316666666668,0.12468333333333348,8288.0,7805.0,7.75,FAD131_M2,25
"[TG(55:10),TG(54:3)]_FA18:1",12012023_FAD131_M2_5xFAD_liver_O3on_01,n-9,792.7,603.5,16.19,505075.0,liver,5xFAD,FA18:1,"TG(54:3), TG(55:10)",117,505075.0,16.18795,0.07205000000000084,61293.0,60503.0,7.75,FAD131_M2,25
"[TG(55:10),TG(54:3)]_FA18:1",12012023_FAD131_M4_5xFAD_liver_O3on_01,n-10,778.6,603.5,16.24,559.0,liver,5xFAD,FA18:1,"TG(54:3), TG(55:10)",103,559.0,16.236483333333336,0.023516666666665742,80.0,56.0,8.18,FAD131_M4,26
"[TG(55:10),TG(54:3)]_FA18:1",12012023_FAD131_M4_5xFAD_liver_O3on_01,n-7,820.7,603.5,16.14,11964.0,liver,5xFAD,FA18:1,"TG(54:3), TG(55:10)",113,11964.0,16.135333333333335,0.12466666666666626,1668.0,1591.0,8.18,FAD131_M4,26
"[TG(55:10),TG(54:3)]_FA18:1",12012023_FAD131_M4_5xFAD_liver_O3on_01,n-9,792.7,603.5,16.19,95284.0,liver,5xFAD,FA18:1,"TG(54:3), TG(55:10)",118,95284.0,16.187966666666668,0.07203333333333362,13288.0,13018.0,8.18,FAD131_M4,26
"[TG(55:10),TG(54:3)]_FA18:1",12012023_FAD173_M1_5xFAD_liver_O3on_01,n-7,820.7,603.5,16.14,17900.0,liver,5xFAD,FA18:1,"TG(54:3), TG(55:10)",114,17900.0,16.135333333333335,0.12466666666666626,1994.0,1889.0,9.73,FAD173_M1,27
"[TG(55:10),TG(54:3)]_FA18:1",12012023_FAD173_M1_5xFAD_liver_O3on_01,n-9,792.7,603.5,16.19,132593.0,liver,5xFAD,FA18:1,"TG(54:3), TG(55:10)",119,132593.0,16.187966666666668,0.07203333333333362,18875.0,18377.0,9.73,FAD173_M1,27
"[TG(55:11),TG(54:4)]_FA18:1",12012023_DOD73_M2_5xFAD_liver_O3on_01,n-10,776.6,601.5,15.02,322.0,liver,5xFAD,FA18:1,"TG(54:4), TG(55:11)",140,322.0,,,36.0,35.0,5.9,DOD73_M2,33
"[TG(55:11),TG(54:4)]_FA18:1",12012023_DOD73_M2_5xFAD_liver_O3on_01,n-7,818.7,601.5,14.98,19768.0,liver,5xFAD,FA18:1,"TG(54:4), TG(55:11)",150,19768.0,14.981583333333335,0.11841666666666484,2268.0,2241.0,5.9,DOD73_M2,33
"[TG(55:11),TG(54:4)]_FA18:1",12012023_DOD73_M2_5xFAD_liver_O3on_01,n-9,790.7,601.5,15.03,117046.0,liver,5xFAD,FA18:1,"TG(54:4), TG(55:11)",155,117046.0,15.03395,0.06604999999999883,13791.0,13215.0,5.9,DOD73_M2,33
"[TG(55:11),TG(54:4)]_FA18:1",12012023_FAD131_M1_5xFAD_liver_O3on_01,n-10,776.6,601.5,15.08,1045.0,liver,5xFAD,FA18:1,"TG(54:4), TG(55:11)",141,1045.0,15.083033333333335,0.01696666666666502,172.0,163.0,5.14,FAD131_M1,34
"[TG(55:11),TG(54:4)]_FA18:1",12012023_FAD131_M1_5xFAD_liver_O3on_01,n-7,818.7,601.5,14.98,44031.0,liver,5xFAD,FA18:1,"TG(54:4), TG(55:11)",151,44031.0,14.9816,0.1183999999999994,6016.0,5845.0,5.14,FAD131_M1,34
"[TG(55:11),TG(54:4)]_FA18:1",12012023_FAD131_M1_5xFAD_liver_O3on_01,n-9,790.7,601.5,15.08,222834.0,liver,5xFAD,FA18:1,"TG(54:4), TG(55:11)",156,222834.0,15.078366666666668,0.02163333333333206,31706.0,30037.0,5.14,FAD131_M1,34
"[TG(55:11),TG(54:4)]_FA18:1",12012023_FAD131_M2_5xFAD_liver_O3on_01,n-10,776.6,601.5,15.08,2074.0,liver,5xFAD,FA18:1,"TG(54:4), TG(55:11)",142,2074.0,15.08305,0.016949999999999577,255.0,187.0,10.66,FAD131_M2,35
"[TG(55:11),TG(54:4)]_FA18:1",12012023_FAD131_M2_5xFAD_liver_O3on_01,n-7,818.7,601.5,14.98,57289.0,liver,5xFAD,FA18:1,"TG(54:4), TG(55:11)",152,57289.0,14.9816,0.1183999999999994,4133.0,4073.0,10.66,FAD131_M2,35
"[TG(55:11),TG(54:4)]_FA18:1",12012023_FAD131_M2_5xFAD_liver_O3on_01,n-9,790.7,601.5,15.03,344147.0,liver,5xFAD,FA18:1,"TG(54:4), TG(55:11)",157,344147.0,15.033966666666668,0.06603333333333161,45635.0,43407.0,10.66,FAD131_M2,35
"[TG(55:11),TG(54:4)]_FA18:1",12012023_FAD131_M4_5xFAD_liver_O3on_01,n-10,776.6,601.5,15.08,450.0,liver,5xFAD,FA18:1,"TG(54:4), TG(55:11)",143,450.0,15.083033333333335,0.01696666666666502,53.0,35.0,11.08,FAD131_M4,36
"[TG(55:11),TG(54:4)]_FA18:1",12012023_FAD131_M4_5xFAD_liver_O3on_01,n-7,818.7,601.5,14.98,18153.0,liver,5xFAD,FA18:1,"TG(54:4), TG(55:11)",153,18153.0,14.9816,0.1183999999999994,1074.0,1050.0,11.08,FAD131_M4,36
"[TG(55:11),TG(54:4)]_FA18:1",12012023_FAD131_M4_5xFAD_liver_O3on_01,n-9,790.7,601.5,15.03,88763.0,liver,5xFAD,FA18:1,"TG(54:4), TG(55:11)",158,88763.0,15.033966666666668,0.06603333333333161,12073.0,11635.0,11.08,FAD131_M4,36
"[TG(55:11),TG(54:4)]_FA18:1",12012023_FAD173_M1_5xFAD_liver_O3on_01,n-7,818.7,601.5,14.98,24578.0,liver,5xFAD,FA18:1,"TG(54:4), TG(55:11)",154,24578.0,14.981616666666667,0.11838333333333217,1340.0,1295.0,11.59,FAD173_M1,37
"[TG(55:11),TG(54:4)]_FA18:1",12012023_FAD173_M1_5xFAD_liver_O3on_01,n-9,790.7,601.5,15.03,130088.0,liver,5xFAD,FA18:1,"TG(54:4), TG(55:11)",159,130088.0,15.033983333333333,0.06601666666666617,15729.0,15009.0,11.59,FAD173_M1,37
"[TG(55:8),TG(54:1)]_FA18:1",12012023_DOD73_M2_5xFAD_liver_O3on_01,n-7,824.7,607.5,18.53,528.0,liver,5xFAD,FA18:1,"TG(54:1), TG(55:8)",170,669.0,18.48796666666667,0.12203333333333077,39.0,33.0,34.03,DOD73_M2,38
"[TG(55:8),TG(54:1)]_FA18:1",12012023_DOD73_M2_5xFAD_liver_O3on_01,n-9,796.7,607.5,18.59,10666.0,liver,5xFAD,FA18:1,"TG(54:1), TG(55:8)",175,10666.0,18.5853,0.024699999999999278,1242.0,1123.0,34.03,DOD73_M2,38
"[TG(55:8),TG(54:1)]_FA18:1",12012023_FAD131_M1_5xFAD_liver_O3on_01,n-7,824.7,607.5,18.58,1140.0,liver,5xFAD,FA18:1,"TG(54:1), TG(55:8)",171,1140.0,18.576800000000002,0.03319999999999723,203.0,197.0,10.81,FAD131_M1,39
"[TG(55:8),TG(54:1)]_FA18:1",12012023_FAD131_M1_5xFAD_liver_O3on_01,n-9,796.7,607.5,18.59,19742.0,liver,5xFAD,FA18:1,"TG(54:1), TG(55:8)",176,19742.0,18.585316666666667,0.024683333333332058,2301.0,2130.0,10.81,FAD131_M1,39
"[TG(55:8),TG(54:1)]_FA18:1",12012023_FAD131_M2_5xFAD_liver_O3on_01,n-7,824.7,607.5,18.49,1388.0,liver,5xFAD,FA18:1,"TG(54:1), TG(55:8)",172,1388.0,18.487983333333336,0.12201666666666355,179.0,167.0,18.01,FAD131_M2,40
"[TG(55:8),TG(54:1)]_FA18:1",12012023_FAD131_M2_5xFAD_liver_O3on_01,n-9,796.7,607.5,18.59,28746.0,liver,5xFAD,FA18:1,"TG(54:1), TG(55:8)",177,28746.0,18.585316666666667,0.024683333333332058,3726.0,3008.0,18.01,FAD131_M2,40
"[TG(55:8),TG(54:1)]_FA18:1",12012023_FAD131_M4_5xFAD_liver_O3on_01,n-9,796.7,607.5,18.54,1373.0,liver,5xFAD,FA18:1,"TG(54:1), TG(55:8)",178,1373.0,18.540916666666668,0.06908333333333161,147.0,137.0,,FAD131_M4,41
"[TG(55:8),TG(54:1)]_FA18:1",12012023_FAD173_M1_5xFAD_liver_O3on_01,n-7,824.7,607.5,18.62,401.0,liver,5xFAD,FA18:1,"TG(54:1), TG(55:8)",174,401.0,18.62121666666667,0.01121666666666954,87.0,39.0,23.59,FAD173_M1,42
"[TG(55:8),TG(54:1)]_FA18:1",12012023_FAD173_M1_5xFAD_liver_O3on_01,n-9,796.7,607.5,18.54,8592.0,liver,5xFAD,FA18:1,"TG(54:1), TG(55:8)",179,8592.0,18.540933333333335,0.06906666666666439,1036.0,920.0,23.59,FAD173_M1,42
"[TG(55:9),TG(54:2)]_FA18:1",12012023_DOD73_M2_5xFAD_liver_O3on_01,n-7,822.7,605.5,17.38,3522.0,liver,5xFAD,FA18:1,"TG(54:2), TG(55:9)",190,3522.0,17.3784,0.12160000000000082,401.0,391.0,22.72,DOD73_M2,43
"[TG(55:9),TG(54:2)]_FA18:1",12012023_DOD73_M2_5xFAD_liver_O3on_01,n-9,794.7,605.5,17.43,66742.0,liver,5xFAD,FA18:1,"TG(54:2), TG(55:9)",195,66742.0,17.431033333333335,0.06896666666666462,9097.0,8885.0,22.72,DOD73_M2,43
"[TG(55:9),TG(54:2)]_FA18:1",12012023_FAD131_M1_5xFAD_liver_O3on_01,n-7,822.7,605.5,17.42,5809.0,liver,5xFAD,FA18:1,"TG(54:2), TG(55:9)",191,5809.0,17.422816666666666,0.07718333333333405,373.0,361.0,42.41,FAD131_M1,44
"[TG(55:9),TG(54:2)]_FA18:1",12012023_FAD131_M1_5xFAD_liver_O3on_01,n-9,794.7,605.5,17.43,102335.0,liver,5xFAD,FA18:1,"TG(54:2), TG(55:9)",196,102335.0,17.431033333333335,0.06896666666666462,16183.0,15310.0,42.41,FAD131_M1,44
"[TG(55:9),TG(54:2)]_FA18:1",12012023_FAD131_M2_5xFAD_liver_O3on_01,n-10,780.7,605.5,17.52,436.0,liver,5xFAD,FA18:1,"TG(54:2), TG(55:9)",182,436.0,17.523683333333334,0.02368333333333439,51.0,26.0,14.75,FAD131_M2,45
"[TG(55:9),TG(54:2)]_FA18:1",12012023_FAD131_M2_5xFAD_liver_O3on_01,n-7,822.7,605.5,17.33,8698.0,liver,5xFAD,FA18:1,"TG(54:2), TG(55:9)",192,8698.0,17.334016666666667,0.16598333333333315,1388.0,1322.0,14.75,FAD131_M2,45
"[TG(55:9),TG(54:2)]_FA18:1",12012023_FAD131_M2_5xFAD_liver_O3on_01,n-9,794.7,605.5,17.43,129769.0,liver,5xFAD,FA18:1,"TG(54:2), TG(55:9)",197,129769.0,17.431050000000003,0.0689499999999974,19900.0,19497.0,14.75,FAD131_M2,45
"[TG(55:9),TG(54:2)]_FA18:1",12012023_FAD131_M4_5xFAD_liver_O3on_01,n-7,822.7,605.5,17.33,1655.0,liver,5xFAD,FA18:1,"TG(54:2), TG(55:9)",193,1655.0,17.334016666666667,0.16598333333333315,208.0,225.0,15.0,FAD131_M4,46
"[TG(55:9),TG(54:2)]_FA18:1",12012023_FAD131_M4_5xFAD_liver_O3on_01,n-9,794.7,605.5,17.43,24157.0,liver,5xFAD,FA18:1,"TG(54:2), TG(55:9)",198,24157.0,17.431050000000003,0.0689499999999974,3529.0,3374.0,15.0,FAD131_M4,46
"[TG(55:9),TG(54:2)]_FA18:1",12012023_FAD173_M1_5xFAD_liver_O3on_01,n-7,822.7,605.5,17.33,2791.0,liver,5xFAD,FA18:1,"TG(54:2), TG(55:9)",194,2791.0,17.334033333333334,0.16596666666666593,382.0,374.0,23.28,FAD173_M1,47
"[TG(55:9),TG(54:2)]_FA18:1",12012023_FAD173_M1_5xFAD_liver_O3on_01,n-9,794.7,605.5,17.43,68341.0,liver,5xFAD,FA18:1,"TG(54:2), TG(55:9)",199,68341.0,17.431050000000003,0.0689499999999974,8849.0,8705.0,23.28,FAD173_M1,47
"[TG(56:10),TG(55:3)]_FA18:1",12012023_DOD73_M2_5xFAD_liver_O3on_01,n-9,806.7,617.5,16.85,1399.0,liver,5xFAD,FA18:1,"TG(55:3), TG(56:10)",215,1399.0,16.849316666666667,0.05931666666666757,226.0,215.0,,DOD73_M2,48
"[TG(56:10),TG(55:3)]_FA18:1",12012023_FAD131_M1_5xFAD_liver_O3on_01,n-7,834.7,617.5,16.75,938.0,liver,5xFAD,FA18:1,"TG(55:3), TG(56:10)",211,938.0,16.75401666666667,0.03598333333333059,146.0,106.0,5.46,FAD131_M1,49
"[TG(56:10),TG(55:3)]_FA18:1",12012023_FAD131_M1_5xFAD_liver_O3on_01,n-9,806.7,617.5,16.76,5210.0,liver,5xFAD,FA18:1,"TG(55:3), TG(56:10)",216,5210.0,16.760516666666668,0.02948333333333153,727.0,579.0,5.46,FAD131_M1,49
"[TG(56:10),TG(55:3)]_FA18:1",12012023_FAD131_M2_5xFAD_liver_O3on_01,n-7,834.7,617.5,16.71,940.0,liver,5xFAD,FA18:1,"TG(55:3), TG(56:10)",212,1349.0,16.665216666666666,0.12478333333333325,78.0,46.0,24.13,FAD131_M2,50
"[TG(56:10),TG(55:3)]_FA18:1",12012023_FAD131_M2_5xFAD_liver_O3on_01,n-9,806.7,617.5,16.76,6846.0,liver,5xFAD,FA18:1,"TG(55:3), TG(56:10)",217,6846.0,16.760533333333335,0.02946666666666431,1200.0,1110.0,24.13,FAD131_M2,50
"[TG(56:10),TG(55:3)]_FA18:1",12012023_FAD131_M4_5xFAD_liver_O3on_01,n-9,806.7,617.5,16.76,844.0,liver,5xFAD,FA18:1,"TG(55:3), TG(56:10)",218,844.0,16.760533333333335,0.02946666666666431,171.0,157.0,,FAD131_M4,51
"[TG(56:10),TG(55:3)]_FA18:1",12012023_FAD173_M1_5xFAD_liver_O3on_01,n-9,806.7,617.5,16.72,1920.0,liver,5xFAD,FA18:1,"TG(55:3), TG(56:10)",219,1920.0,16.716133333333335,0.07386666666666386,330.0,261.0,,FAD173_M1,52
"[TG(56:11),TG(55:4)]_FA18:1",12012023_DOD73_M2_5xFAD_liver_O3on_01,n-9,804.7,615.5,15.61,666.0,liver,5xFAD,FA18:1,"TG(55:4), TG(56:11)",235,666.0,15.606533333333335,0.07346666666666479,83.0,121.0,,DOD73_M2,53
"[TG(56:11),TG(55:4)]_FA18:1",12012023_FAD131_M1_5xFAD_liver_O3on_01,n-7,832.7,615.5,15.64,448.0,liver,5xFAD,FA18:1,"TG(55:4), TG(56:11)",231,448.0,15.644150000000002,0.03584999999999816,71.0,37.0,9.49,FAD131_M1,54
"[TG(56:11),TG(55:4)]_FA18:1",12012023_FAD131_M1_5xFAD_liver_O3on_01,n-9,804.7,615.5,15.61,1675.0,liver,5xFAD,FA18:1,"TG(55:4), TG(56:11)",236,1675.0,15.60655,0.07344999999999935,276.0,351.0,9.49,FAD131_M1,54
"[TG(56:11),TG(55:4)]_FA18:1",12012023_FAD131_M2_5xFAD_liver_O3on_01,n-7,832.7,615.5,15.6,417.0,liver,5xFAD,FA18:1,"TG(55:4), TG(56:11)",232,417.0,15.59975,0.08024999999999949,44.0,15.0,22.6,FAD131_M2,55
"[TG(56:11),TG(55:4)]_FA18:1",12012023_FAD131_M2_5xFAD_liver_O3on_01,n-9,804.7,615.5,15.61,3138.0,liver,5xFAD,FA18:1,"TG(55:4), TG(56:11)",237,3138.0,15.60655,0.07344999999999935,401.0,339.0,22.6,FAD131_M2,55
"[TG(56:11),TG(55:4)]_FA18:1",12012023_FAD131_M4_5xFAD_liver_O3on_01,n-9,804.7,615.5,15.56,778.0,liver,5xFAD,FA18:1,"TG(55:4), TG(56:11)",238,778.0,15.562133333333334,0.11786666666666612,108.0,128.0,,FAD131_M4,56
"[TG(56:11),TG(55:4)]_FA18:1",12012023_FAD173_M1_5xFAD_liver_O3on_01,n-9,804.7,615.5,15.61,1114.0,liver,5xFAD,FA18:1,"TG(55:4), TG(56:11)",239,1114.0,15.606566666666668,0.07343333333333213,167.0,176.0,,FAD173_M1,57
[TG(56:6)]_FA18:1,12012023_DOD73_M2_5xFAD_liver_O3on_01,n-9,814.7,625.5,14.32,5046.0,liver,5xFAD,FA18:1,TG(56:6),255,5046.0,14.316650000000001,0.11334999999999873,838.0,841.0,,DOD73_M2,58
[TG(56:6)]_FA18:1,12012023_FAD131_M1_5xFAD_liver_O3on_01,n-7,842.7,625.5,14.31,674.0,liver,5xFAD,FA18:1,TG(56:6),251,773.0,14.265783333333333,0.16421666666666646,106.0,78.0,22.74,FAD131_M1,59
[TG(56:6)]_FA18:1,12012023_FAD131_M1_5xFAD_liver_O3on_01,n-9,814.7,625.5,14.41,8201.0,liver,5xFAD,FA18:1,TG(56:6),256,8201.0,14.405483333333335,0.024516666666665188,1745.0,1774.0,22.74,FAD131_M1,59
[TG(56:6)]_FA18:1,12012023_FAD131_M2_5xFAD_liver_O3on_01,n-7,842.7,625.5,14.27,1494.0,liver,5xFAD,FA18:1,TG(56:6),252,1494.0,14.2658,0.16419999999999924,218.0,200.0,9.96,FAD131_M2,60
[TG(56:6)]_FA18:1,12012023_FAD131_M2_5xFAD_liver_O3on_01,n-9,814.7,625.5,14.36,10139.0,liver,5xFAD,FA18:1,TG(56:6),257,10139.0,14.361083333333333,0.06891666666666652,1985.0,1992.0,9.96,FAD131_M2,60
[TG(56:6)]_FA18:1,12012023_FAD131_M4_5xFAD_liver_O3on_01,n-7,842.7,625.5,14.35,653.0,liver,5xFAD,FA18:1,TG(56:6),253,653.0,14.354616666666667,0.07538333333333291,85.0,67.0,8.06,FAD131_M4,61
[TG(56:6)]_FA18:1,12012023_FAD131_M4_5xFAD_liver_O3on_01,n-9,814.7,625.5,14.41,2710.0,liver,5xFAD,FA18:1,TG(56:6),258,2710.0,14.405483333333335,0.024516666666665188,508.0,540.0,8.06,FAD131_M4,61
[TG(56:6)]_FA18:1,12012023_FAD173_M1_5xFAD_liver_O3on_01,n-7,842.7,625.5,14.35,394.0,liver,5xFAD,FA18:1,TG(56:6),254,517.0,14.265816666666668,0.16418333333333202,43.0,15.0,84.13,FAD173_M1,62
[TG(56:6)]_FA18:1,12012023_FAD173_M1_5xFAD_liver_O3on_01,n-9,814.7,625.5,14.32,5795.0,liver,5xFAD,FA18:1,TG(56:6),259,5795.0,14.316683333333334,0.11331666666666607,1248.0,1262.0,84.13,FAD173_M1,62
"[TG(56:7),]_FA18:1",12012023_DOD73_M2_5xFAD_liver_O3on_01,n-7,840.8,623.6,13.73,512.0,liver,5xFAD,FA18:1,TG(56:7),290,512.0,13.73375,0.07624999999999993,53.0,28.0,16.04,DOD73_M2,68
"[TG(56:7),]_FA18:1",12012023_DOD73_M2_5xFAD_liver_O3on_01,n-9,812.8,623.6,13.74,5109.0,liver,5xFAD,FA18:1,TG(56:7),295,5109.0,13.73995,0.07005000000000017,468.0,449.0,16.04,DOD73_M2,68
"[TG(56:7),]_FA18:1",12012023_FAD131_M1_5xFAD_liver_O3on_01,n-7,840.8,623.6,13.69,671.0,liver,5xFAD,FA18:1,TG(56:7),291,671.0,13.689350000000001,0.12064999999999948,73.0,39.0,15.26,FAD131_M1,69
"[TG(56:7),]_FA18:1",12012023_FAD131_M1_5xFAD_liver_O3on_01,n-9,812.8,623.6,13.78,6617.0,liver,5xFAD,FA18:1,TG(56:7),296,6617.0,13.784366666666667,0.025633333333333397,737.0,595.0,15.26,FAD131_M1,69
"[TG(56:7),]_FA18:1",12012023_FAD131_M2_5xFAD_liver_O3on_01,n-9,812.8,623.6,13.74,8607.0,liver,5xFAD,FA18:1,TG(56:7),297,8607.0,13.739983333333335,0.07001666666666573,796.0,731.0,,FAD131_M2,70
"[TG(56:7),]_FA18:1",12012023_FAD131_M4_5xFAD_liver_O3on_01,n-9,812.8,623.6,13.74,1854.0,liver,5xFAD,FA18:1,TG(56:7),298,1854.0,13.739966666666668,0.07003333333333295,238.0,228.0,,FAD131_M4,71
"[TG(56:7),]_FA18:1",12012023_FAD173_M1_5xFAD_liver_O3on_01,n-7,840.8,623.6,13.69,550.0,liver,5xFAD,FA18:1,TG(56:7),294,550.0,13.689383333333334,0.12061666666666682,53.0,35.0,18.17,FAD173_M1,72
"[TG(56:7),]_FA18:1",12012023_FAD173_M1_5xFAD_liver_O3on_01,n-9,812.8,623.6,13.74,5887.0,liver,5xFAD,FA18:1,TG(56:7),299,5887.0,13.739983333333335,0.07001666666666573,635.0,636.0,18.17,FAD173_M1,72
"[TG(57:10),TG(56:3)]_FA18:1",12012023_DOD73_M2_5xFAD_liver_O3on_01,n-7,848.7,631.5,17.15,711.0,liver,5xFAD,FA18:1,"TG(56:3), TG(57:10)",310,711.0,17.15045,0.12955000000000183,143.0,149.0,7.85,DOD73_M2,73
"[TG(57:10),TG(56:3)]_FA18:1",12012023_DOD73_M2_5xFAD_liver_O3on_01,n-9,820.7,631.5,17.25,11653.0,liver,5xFAD,FA18:1,"TG(56:3), TG(57:10)",315,11653.0,17.245483333333333,0.03451666666666853,1401.0,1170.0,7.85,DOD73_M2,73
"[TG(57:10),TG(56:3)]_FA18:1",12012023_FAD131_M1_5xFAD_liver_O3on_01,n-7,848.7,631.5,17.19,5438.0,liver,5xFAD,FA18:1,"TG(56:3), TG(57:10)",311,5438.0,17.194866666666666,0.08513333333333506,800.0,752.0,7.35,FAD131_M1,74
"[TG(57:10),TG(56:3)]_FA18:1",12012023_FAD131_M1_5xFAD_liver_O3on_01,n-9,820.7,631.5,17.29,48679.0,liver,5xFAD,FA18:1,"TG(56:3), TG(57:10)",316,48679.0,17.2899,0.009899999999998244,6105.0,5529.0,7.35,FAD131_M1,74
"[TG(57:10),TG(56:3)]_FA18:1",12012023_FAD131_M2_5xFAD_liver_O3on_01,n-7,848.7,631.5,17.19,7002.0,liver,5xFAD,FA18:1,"TG(56:3), TG(57:10)",312,7002.0,17.194866666666666,0.08513333333333506,956.0,925.0,8.5,FAD131_M2,75
"[TG(57:10),TG(56:3)]_FA18:1",12012023_FAD131_M2_5xFAD_liver_O3on_01,n-9,820.7,631.5,17.25,58396.0,liver,5xFAD,FA18:1,"TG(56:3), TG(57:10)",317,58396.0,17.2455,0.03450000000000131,8576.0,7862.0,8.5,FAD131_M2,75
"[TG(57:10),TG(56:3)]_FA18:1",12012023_FAD131_M4_5xFAD_liver_O3on_01,n-9,820.7,631.5,17.25,5382.0,liver,5xFAD,FA18:1,"TG(56:3), TG(57:10)",318,5382.0,17.2455,0.03450000000000131,600.0,533.0,,FAD131_M4,76
"[TG(57:10),TG(56:3)]_FA18:1",12012023_FAD173_M1_5xFAD_liver_O3on_01,n-7,848.7,631.5,17.19,1102.0,liver,5xFAD,FA18:1,"TG(56:3), TG(57:10)",314,1102.0,17.194883333333333,0.08511666666666784,196.0,154.0,12.04,FAD173_M1,77
"[TG(57:10),TG(56:3)]_FA18:1",12012023_FAD173_M1_5xFAD_liver_O3on_01,n-9,820.7,631.5,17.25,17373.0,liver,5xFAD,FA18:1,"TG(56:3), TG(57:10)",319,17373.0,17.2455,0.03450000000000131,2202.0,1854.0,12.04,FAD173_M1,77
"[TG(57:11),TG(56:4)]_FA18:1",12012023_DOD73_M2_5xFAD_liver_O3on_01,n-7,846.7,629.5,16.04,1822.0,liver,5xFAD,FA18:1,"TG(56:4), TG(57:11)",330,1822.0,16.04116666666667,0.1288333333333327,153.0,143.0,10.01,DOD73_M2,78
"[TG(57:11),TG(56:4)]_FA18:1",12012023_DOD73_M2_5xFAD_liver_O3on_01,n-9,818.7,629.5,16.14,11524.0,liver,5xFAD,FA18:1,"TG(56:4), TG(57:11)",335,11524.0,16.1359,0.03410000000000224,1416.0,1431.0,10.01,DOD73_M2,78
"[TG(57:11),TG(56:4)]_FA18:1",12012023_FAD131_M1_5xFAD_liver_O3on_01,n-7,846.7,629.5,16.09,5846.0,liver,5xFAD,FA18:1,"TG(56:4), TG(57:11)",331,5846.0,16.085583333333336,0.08441666666666592,575.0,590.0,5.41,FAD131_M1,79
"[TG(57:11),TG(56:4)]_FA18:1",12012023_FAD131_M1_5xFAD_liver_O3on_01,n-9,818.7,629.5,16.09,21789.0,liver,5xFAD,FA18:1,"TG(56:4), TG(57:11)",336,21789.0,16.0915,0.07850000000000179,3312.0,3190.0,5.41,FAD131_M1,79
"[TG(57:11),TG(56:4)]_FA18:1",12012023_FAD131_M2_5xFAD_liver_O3on_01,n-7,846.7,629.5,16.04,7550.0,liver,5xFAD,FA18:1,"TG(56:4), TG(57:11)",332,7550.0,16.041183333333333,0.12881666666666902,778.0,805.0,4.17,FAD131_M2,80
"[TG(57:11),TG(56:4)]_FA18:1",12012023_FAD131_M2_5xFAD_liver_O3on_01,n-9,818.7,629.5,16.09,23065.0,liver,5xFAD,FA18:1,"TG(56:4), TG(57:11)",337,23065.0,16.0915,0.07850000000000179,3406.0,3358.0,4.17,FAD131_M2,80
"[TG(57:11),TG(56:4)]_FA18:1",12012023_FAD131_M4_5xFAD_liver_O3on_01,n-7,846.7,629.5,16.13,417.0,liver,5xFAD,FA18:1,"TG(56:4), TG(57:11)",333,417.0,16.13,0.0400000000000027,51.0,37.0,14.89,FAD131_M4,81
"[TG(57:11),TG(56:4)]_FA18:1",12012023_FAD131_M4_5xFAD_liver_O3on_01,n-9,818.7,629.5,16.14,4900.0,liver,5xFAD,FA18:1,"TG(56:4), TG(57:11)",338,4900.0,16.135916666666667,0.03408333333333502,555.0,551.0,14.89,FAD131_M4,81
"[TG(57:11),TG(56:4)]_FA18:1",12012023_FAD173_M1_5xFAD_liver_O3on_01,n-7,846.7,629.5,16.04,2459.0,liver,5xFAD,FA18:1,"TG(56:4), TG(57:11)",334,2459.0,16.0412,0.1288000000000018,257.0,233.0,8.48,FAD173_M1,82
"[TG(57:11),TG(56:4)]_FA18:1",12012023_FAD173_M1_5xFAD_liver_O3on_01,n-9,818.7,629.5,16.09,16123.0,liver,5xFAD,FA18:1,"TG(56:4), TG(57:11)",339,16123.0,16.091783333333336,0.07821666666666616,2018.0,1977.0,8.48,FAD173_M1,82
"[TG(57:12),TG(56:5)]_FA18:1",12012023_DOD73_M2_5xFAD_liver_O3on_01,n-9,816.7,627.5,15.05,2237.0,liver,5xFAD,FA18:1,"TG(56:5), TG(57:12)",355,2237.0,15.070983333333334,0.10098333333333365,328.0,390.0,,DOD73_M2,83
"[TG(57:12),TG(56:5)]_FA18:1",12012023_FAD131_M1_5xFAD_liver_O3on_01,n-7,844.7,627.5,14.93,2148.0,liver,5xFAD,FA18:1,"TG(56:5), TG(57:12)",351,2148.0,14.931316666666667,0.03868333333333318,283.0,347.0,2.25,FAD131_M1,84
"[TG(57:12),TG(56:5)]_FA18:1",12012023_FAD131_M1_5xFAD_liver_O3on_01,n-9,816.7,627.5,14.94,6629.0,liver,5xFAD,FA18:1,"TG(56:5), TG(57:12)",356,6629.0,14.937783333333334,0.03221666666666678,841.0,781.0,2.25,FAD131_M1,84
"[TG(57:12),TG(56:5)]_FA18:1",12012023_FAD131_M2_5xFAD_liver_O3on_01,n-7,844.7,627.5,14.89,1967.0,liver,5xFAD,FA18:1,"TG(56:5), TG(57:12)",352,1967.0,14.886916666666668,0.08308333333333273,250.0,429.0,3.69,FAD131_M2,85
"[TG(57:12),TG(56:5)]_FA18:1",12012023_FAD131_M2_5xFAD_liver_O3on_01,n-9,816.7,627.5,15.05,5627.0,liver,5xFAD,FA18:1,"TG(56:5), TG(57:12)",357,5627.0,15.115416666666668,0.14541666666666764,1050.0,1581.0,3.69,FAD131_M2,85
"[TG(57:12),TG(56:5)]_FA18:1",12012023_FAD131_M4_5xFAD_liver_O3on_01,n-9,816.7,627.5,14.94,2874.0,liver,5xFAD,FA18:1,"TG(56:5), TG(57:12)",358,2874.0,14.937783333333334,0.03221666666666678,433.0,515.0,,FAD131_M4,86
"[TG(57:12),TG(56:5)]_FA18:1",12012023_FAD173_M1_5xFAD_liver_O3on_01,n-7,844.7,627.5,14.84,669.0,liver,5xFAD,FA18:1,"TG(56:5), TG(57:12)",354,669.0,14.842516666666667,0.12748333333333406,61.0,34.0,15.24,FAD173_M1,87
"[TG(57:12),TG(56:5)]_FA18:1",12012023_FAD173_M1_5xFAD_liver_O3on_01,n-9,816.7,627.5,14.94,4468.0,liver,5xFAD,FA18:1,"TG(56:5), TG(57:12)",359,4468.0,14.937800000000001,0.03219999999999956,571.0,518.0,15.24,FAD173_M1,87
"[TG(57:9),TG(56:2)]_FA18:1",12012023_DOD73_M2_5xFAD_liver_O3on_01,n-9,822.8,633.6,18.44,6926.0,liver,5xFAD,FA18:1,"TG(56:2), TG(57:9)",375,6926.0,18.44386666666667,0.026133333333330455,1094.0,918.0,,DOD73_M2,88
"[TG(57:9),TG(56:2)]_FA18:1",12012023_FAD131_M1_5xFAD_liver_O3on_01,n-7,850.8,633.6,18.44,1663.0,liver,5xFAD,FA18:1,"TG(56:2), TG(57:9)",371,1663.0,18.437966666666668,0.032033333333330916,223.0,213.0,17.98,FAD131_M1,89
"[TG(57:9),TG(56:2)]_FA18:1",12012023_FAD131_M1_5xFAD_liver_O3on_01,n-9,822.8,633.6,18.44,23010.0,liver,5xFAD,FA18:1,"TG(56:2), TG(57:9)",376,23010.0,18.443883333333336,0.026116666666663235,4069.0,3829.0,17.98,FAD131_M1,89
"[TG(57:9),TG(56:2)]_FA18:1",12012023_FAD131_M2_5xFAD_liver_O3on_01,n-7,850.8,633.6,18.39,2656.0,liver,5xFAD,FA18:1,"TG(56:2), TG(57:9)",372,2656.0,18.39355,0.07644999999999769,353.0,341.0,14.93,FAD131_M2,90
"[TG(57:9),TG(56:2)]_FA18:1",12012023_FAD131_M2_5xFAD_liver_O3on_01,n-9,822.8,633.6,18.44,29542.0,liver,5xFAD,FA18:1,"TG(56:2), TG(57:9)",377,29542.0,18.443883333333336,0.026116666666663235,5246.0,5092.0,14.93,FAD131_M2,90
"[TG(57:9),TG(56:2)]_FA18:1",12012023_FAD131_M4_5xFAD_liver_O3on_01,n-9,822.8,633.6,18.44,1127.0,liver,5xFAD,FA18:1,"TG(56:2), TG(57:9)",378,1127.0,18.443883333333336,0.026116666666663235,196.0,182.0,,FAD131_M4,91
"[TG(57:9),TG(56:2)]_FA18:1",12012023_FAD173_M1_5xFAD_liver_O3on_01,n-7,850.8,633.6,18.3,798.0,liver,5xFAD,FA18:1,"TG(56:2), TG(57:9)",374,798.0,18.304750000000002,0.1652499999999968,117.0,86.0,17.44,FAD173_M1,92
"[TG(57:9),TG(56:2)]_FA18:1",12012023_FAD173_M1_5xFAD_liver_O3on_01,n-9,822.8,633.6,18.44,9515.0,liver,5xFAD,FA18:1,"TG(56:2), TG(57:9)",379,9515.0,18.4439,0.026099999999999568,1529.0,1500.0,17.44,FAD173_M1,92
"[TG(58:7),]_FA18:1",12012023_DOD73_M2_5xFAD_liver_O3on_01,n-9,840.8,651.6,14.22,808.0,liver,5xFAD,FA18:1,TG(58:7),395,808.0,14.221966666666667,0.07803333333333384,137.0,170.0,,DOD73_M2,93
"[TG(58:7),]_FA18:1",12012023_FAD131_M1_5xFAD_liver_O3on_01,n-9,840.8,651.6,14.27,2162.0,liver,5xFAD,FA18:1,TG(58:7),396,2162.0,14.266383333333334,0.03361666666666707,281.0,326.0,,FAD131_M1,94
"[TG(58:7),]_FA18:1",12012023_FAD131_M2_5xFAD_liver_O3on_01,n-9,840.8,651.6,14.22,2006.0,liver,5xFAD,FA18:1,TG(58:7),397,2006.0,14.221983333333334,0.07801666666666662,308.0,325.0,,FAD131_M2,95
"[TG(58:7),]_FA18:1",12012023_FAD131_M4_5xFAD_liver_O3on_01,n-9,840.8,651.6,14.18,885.0,liver,5xFAD,FA18:1,TG(58:7),398,885.0,14.177833333333334,0.12216666666666676,119.0,147.0,,FAD131_M4,96
"[TG(58:7),]_FA18:1",12012023_FAD173_M1_5xFAD_liver_O3on_01,n-9,840.8,651.6,14.22,1044.0,liver,5xFAD,FA18:1,TG(58:7),399,1044.0,14.222266666666668,0.07773333333333277,154.0,172.0,,FAD173_M1,97
"[TG(59:11),TG(58:4)]_FA18:1",12012023_DOD73_M2_5xFAD_liver_O3on_01,n-9,846.8,657.6,17.15,1534.0,liver,5xFAD,FA18:1,"TG(58:4), TG(59:11)",415,1534.0,17.150750000000002,0.07924999999999827,236.0,233.0,,DOD73_M2,98
"[TG(59:11),TG(58:4)]_FA18:1",12012023_FAD131_M1_5xFAD_liver_O3on_01,n-7,874.8,657.6,17.19,1079.0,liver,5xFAD,FA18:1,"TG(58:4), TG(59:11)",411,1079.0,17.19216666666667,0.03783333333333161,117.0,109.0,6.11,FAD131_M1,99
"[TG(59:11),TG(58:4)]_FA18:1",12012023_FAD131_M1_5xFAD_liver_O3on_01,n-9,846.8,657.6,17.24,3587.0,liver,5xFAD,FA18:1,"TG(58:4), TG(59:11)",416,3587.0,17.239583333333336,0.009583333333335275,593.0,666.0,6.11,FAD131_M1,99
"[TG(59:11),TG(58:4)]_FA18:1",12012023_FAD131_M2_5xFAD_liver_O3on_01,n-7,874.8,657.6,17.1,778.0,liver,5xFAD,FA18:1,"TG(58:4), TG(59:11)",412,778.0,17.103350000000002,0.12664999999999793,99.0,52.0,12.85,FAD131_M2,100
"[TG(59:11),TG(58:4)]_FA18:1",12012023_FAD131_M2_5xFAD_liver_O3on_01,n-9,846.8,657.6,17.2,3767.0,liver,5xFAD,FA18:1,"TG(58:4), TG(59:11)",417,3767.0,17.19516666666667,0.034833333333331495,622.0,668.0,12.85,FAD131_M2,100
"[TG(59:11),TG(58:4)]_FA18:1",12012023_FAD131_M4_5xFAD_liver_O3on_01,n-9,846.8,657.6,17.15,261.0,liver,5xFAD,FA18:1,"TG(58:4), TG(59:11)",418,261.0,,,46.0,46.0,,FAD131_M4,101
"[TG(59:11),TG(58:4)]_FA18:1",12012023_FAD173_M1_5xFAD_liver_O3on_01,n-9,846.8,657.6,17.2,3132.0,liver,5xFAD,FA18:1,"TG(58:4), TG(59:11)",419,3132.0,17.195183333333333,0.03481666666666783,574.0,576.0,,FAD173_M1,102
"[TG(59:12),TG(58:5)]_FA18:1",12012023_DOD73_M2_5xFAD_liver_O3on_01,n-9,844.7,655.5,16.0,590.0,liver,5xFAD,FA18:1,"TG(58:5), TG(59:12)",435,590.0,15.997066666666667,0.0829333333333313,79.0,47.0,,DOD73_M2,103
"[TG(59:12),TG(58:5)]_FA18:1",12012023_FAD131_M1_5xFAD_liver_O3on_01,n-9,844.7,655.5,16.04,770.0,liver,5xFAD,FA18:1,"TG(58:5), TG(59:12)",436,770.0,16.041483333333336,0.03851666666666276,141.0,159.0,,FAD131_M1,104
"[TG(59:12),TG(58:5)]_FA18:1",12012023_FAD131_M2_5xFAD_liver_O3on_01,n-9,844.7,655.5,16.04,619.0,liver,5xFAD,FA18:1,"TG(58:5), TG(59:12)",437,619.0,16.041483333333336,0.03851666666666276,135.0,142.0,,FAD131_M2,105
"[TG(59:12),TG(58:5)]_FA18:1",12012023_FAD131_M4_5xFAD_liver_O3on_01,n-9,844.7,655.5,16.13,439.0,liver,5xFAD,FA18:1,"TG(58:5), TG(59:12)",438,439.0,16.130300000000002,0.050300000000003564,43.0,13.0,,FAD131_M4,106
"[TG(59:12),TG(58:5)]_FA18:1",12012023_FAD173_M1_5xFAD_liver_O3on_01,n-9,844.7,655.5,16.04,642.0,liver,5xFAD,FA18:1,"TG(58:5), TG(59:12)",439,642.0,16.0415,0.03849999999999909,101.0,68.0,,FAD173_M1,107
"[TG(59:13),TG(58:6)]_FA18:1",12012023_DOD73_M2_5xFAD_liver_O3on_01,n-9,842.7,653.5,15.51,489.0,liver,5xFAD,FA18:1,"TG(58:6), TG(59:13)",455,489.0,15.509183333333334,0.08081666666666543,63.0,43.0,,DOD73_M2,108
"[TG(59:13),TG(58:6)]_FA18:1",12012023_FAD131_M1_5xFAD_liver_O3on_01,n-9,842.7,653.5,15.51,1293.0,liver,5xFAD,FA18:1,"TG(58:6), TG(59:13)",456,1293.0,15.509183333333334,0.08081666666666543,151.0,144.0,,FAD131_M1,109
"[TG(59:13),TG(58:6)]_FA18:1",12012023_FAD131_M2_5xFAD_liver_O3on_01,n-9,842.7,653.5,15.55,1197.0,liver,5xFAD,FA18:1,"TG(58:6), TG(59:13)",457,1197.0,15.553600000000001,0.036399999999998656,167.0,151.0,,FAD131_M2,110
"[TG(59:13),TG(58:6)]_FA18:1",12012023_FAD173_M1_5xFAD_liver_O3on_01,n-9,842.7,653.5,15.4,730.0,liver,5xFAD,FA18:1,"TG(58:6), TG(59:13)",459,730.0,,,78.0,66.0,,FAD173_M1,111
