lipid,logFC,logCPM,LR,PValue,FDR,Length1,Length2,Title_1,Title_2,type,07052023_ELOVL1_5Xdilution_HEPG2-01,07052023_ELOVL1_5Xdilution_HEPG2-02,07052023_ELOVL1_5Xdilution_HEPG2-03,07052023_ELOVL1_5Xdilution_HEK293-01,07052023_ELOVL1_5Xdilution_HEK293-02,07052023_ELOVL1_5Xdilution_HEK293-03,07052023_ELOVL1_5Xdilution_Blank-01
FA(18:0),1.066191548296689,9.812289728436088,39.85187158147687,2.7397154262407413e-10,6.054771091992038e-8,3,3,Cell Line_ HEP,Cell Line_ HEK,FA,18137.00132,21068.78191,22864.56154,8355.840576,10117.36069,13685.50111,5221.220387
LPC(18:1)|PC(O-18:1)|PC(P-18:0),-1.0035438912613313,8.412709476635035,35.16977172529992,3.0217778948643065e-9,3.3390645738250585e-7,3,3,Cell Line_ HEP,Cell Line_ HEK,PC,2605.30019,3961.060261,4491.300304,6023.300411,9054.060654,7987.040623,3196.580235
LPC(18:2)|LPC(P-19:1),-0.8564174282308606,8.331962390956434,25.727539772851543,3.931761626779501e-7,2.896397731727566e-5,3,3,Cell Line_ HEP,Cell Line_ HEK,PC,2425.880184,3610.080238,4688.340363,5479.480385,7073.420525,7509.760502,3746.380276
FA(28:2),0.7808130066012865,12.095007304358482,21.651471472073013,3.2695909424162735e-6,1.5712548987347852e-4,3,3,Cell Line_ HEP,Cell Line_ HEK,FA,75035.52639,112456.4103,130870.1862,56028.16447,54253.52287,83812.30568,5432.480377
LPC(16:1)|LPC(P-17:0),-0.7810626609116416,8.530820899715474,21.491030508963945,3.5548753365040388e-6,1.5712548987347852e-4,3,3,Cell Line_ HEP,Cell Line_ HEK,PC,2811.380203,4919.060326,5660.700394,6087.280415,9140.260658,8424.160622,3548.680252
LPC(20:2)|PC(O-20:2),-0.6557024973238776,8.001586475843165,15.123820209552193,1.0068482228698029e-4,0.003708557620903774,3,3,Cell Line_ HEP,Cell Line_ HEK,PC,2409.520176,2705.300186,3678.580246,3969.70031,5511.520412,5137.76038,3341.960224
LPC(17:1)|LPC(O-18:1)|LPC(P-18:0),-0.5915279236721094,7.624117943295561,12.28773203581946,4.5594546465896503e-4,0.014394849669947325,3,3,Cell Line_ HEP,Cell Line_ HEK,PC,1914.56012,2734.820175,2561.480171,3210.600239,4117.780235,4209.180283,2219.48016
LPC(15:1)|LPC(O-16:1)|LPC(P-16:0),-0.5337206599084278,7.602525151163481,10.011384042543327,0.0015557556348020885,0.042977749411407695,3,3,Cell Line_ HEP,Cell Line_ HEK,PC,2090.90015,2289.020145,2788.500202,3356.120247,4137.420284,3479.560246,2258.280167
FA(27:0) | FA(28:7),0.512390887203096,9.169852957974875,9.345984436792897,0.002234745792623861,0.04938788201698733,3,3,Cell Line_ HEP,Cell Line_ HEK,FA,8652.600628,12320.60082,14069.06109,6637.380447,8855.900536,10431.94069,3636.30024
LPC(22:5),-0.518820429154105,7.81609931298948,9.486693438721971,0.0020696748977950007,0.04938788201698733,3,3,Cell Line_ HEP,Cell Line_ HEK,PC,2281.140156,2867.120209,3245.680233,3492.92025,4504.060349,4775.840351,2662.560188
FA(16:0),0.49334252928817596,9.987209683710793,8.685688916228287,0.003207183280567652,0.06175164320308665,3,3,Cell Line_ HEP,Cell Line_ HEK,FA,15856.66115,20372.70148,23596.36127,12486.3009,14675.48106,17925.20126,7246.500496
LPC(16:0)|PC(O-16:0)|LPC(O-17:0),-0.49354930856290846,7.955127554579342,8.604664987849915,0.0033530304001676003,0.06175164320308665,3,3,Cell Line_ HEP,Cell Line_ HEK,PC,2251.080158,3601.020267,3828.240299,3851.960251,5397.800415,4909.560375,2742.640202
FA(27:0) | FA(28:7)_2,0.45141451070229854,9.784318073529535,7.275619778723012,0.006989677128265463,0.11882451118051288,3,3,Cell Line_ HEP,Cell Line_ HEK,FA,12328.92064,19674.5013,22066.06152,11855.42096,12347.62074,16984.78134,4886.260342
PC(19:1)|LPC(20:1)|PC(O-20:1)|PC(P-20:0),-0.447414349080669,7.7101384981664065,7.0554929196003116,0.007902256245559146,0.12474275930489795,3,3,Cell Line_ HEP,Cell Line_ HEK,PC,2374.360172,2714.980198,2772.160194,3412.580223,3995.440262,4116.84029,2501.620171
LPC(18:0)|PC(O-18:0)|LPC(O-19:0),-0.4293229394762202,7.852533773477346,6.512236306658679,0.010713469178763434,0.1578451125671146,3,3,Cell Line_ HEP,Cell Line_ HEK,PC,2196.880157,3089.2402,3971.320301,4096.42028,4250.520298,4479.260315,2577.120186
FA(18:4),0.3535087504070088,8.379202561208652,4.436893830639418,0.03517018021940859,0.48578811428058116,3,3,Cell Line_ HEP,Cell Line_ HEK,FA,5497.3004,5087.080349,5250.540371,4516.380325,4289.520302,4732.520298,4301.960297
LPC(17:2)|LPC(P-18:1),-0.349418726796931,7.459246373934052,4.296585352000548,0.03818897603234423,0.496456688420475,3,3,Cell Line_ HEP,Cell Line_ HEK,PC,1881.800121,2265.780182,2684.800198,2373.900158,3602.880257,3271.720234,2272.980145
FA(10:6),-0.3384107937805528,13.478251956856813,4.108522108956095,0.04266763214971894,0.510423774760407,3,3,Cell Line_ HEP,Cell Line_ HEK,FA,82369.30615,208760.4739,301654.1626,157149.8917,271764.8198,318724.9233,37498.36261
FA(12:2),0.3365924952588797,11.430452387160951,4.06107377666774,0.04388258697035174,0.510423774760407,3,3,Cell Line_ HEP,Cell Line_ HEK,FA,36473.86249,58835.72415,58578.02386,35677.72281,46511.62321,44894.06342,22258.86166
FA(25:4),0.32387715334990713,9.253689355799446,3.747193042191583,0.05289627079857042,0.5666490155928847,3,3,Cell Line_ HEP,Cell Line_ HEK,FA,8436.120605,13527.961,13895.54106,9523.560608,8749.620628,11504.26088,3323.880238
FA(27:3),0.32248206971303334,9.572256661317388,3.7175141803468676,0.053844476594799004,0.5666490155928847,3,3,Cell Line_ HEP,Cell Line_ HEK,FA,11632.18085,14442.92104,15319.34108,11442.84093,10667.96083,12982.70087,6121.680454
FA(27:4),0.3131178562006802,9.739137227511572,3.5062826838773162,0.0611364863008369,0.6141437942038616,3,3,Cell Line_ HEP,Cell Line_ HEK,FA,13962.84099,15609.72113,15089.20116,13890.781,12067.70084,12407.88083,7599.560547
FA(10:0) | FA(10:0)_2,-0.21857349014604366,12.43162957932657,1.715780835392252,0.19023705122253917,0.853956176694767,3,3,Cell Line_ HEP,Cell Line_ HEK,FA,43853.3031,105093.3673,146423.8512,73308.42523,121873.5093,150260.6907,20962.02151
FA(10:4),-0.21344304293617658,11.582176658416238,1.63559543247203,0.20093086510465105,0.853956176694767,3,3,Cell Line_ HEP,Cell Line_ HEK,FA,26093.30202,53884.66394,81281.76593,41741.103,65089.54474,81743.20636,13677.30086
FA(10:5),-0.2629373757405853,13.090821529833793,2.482335112101282,0.11513120752968377,0.853956176694767,3,3,Cell Line_ HEP,Cell Line_ HEK,FA,72813.34503,162593.1718,216266.5352,127849.3087,197968.0952,219281.2965,36125.04254
FA(11:0),-0.21524918024469875,11.927939458681276,1.6636991374077752,0.19710461299349125,0.853956176694767,3,3,Cell Line_ HEP,Cell Line_ HEK,FA,30302.28214,69470.74548,108840.1277,49030.14328,86850.30615,106717.2479,15867.10107
FA(11:1),-0.2641198052613202,10.722092464899672,2.5014843396129436,0.11373905236673579,0.853956176694767,3,3,Cell Line_ HEP,Cell Line_ HEK,FA,13399.28094,28899.46216,45804.44336,22007.84161,36931.94281,47441.34348,7222.460487
FA(11:2),-0.24804631303935792,12.499990796766685,2.2091329433160354,0.13719576187788682,0.853956176694767,3,3,Cell Line_ HEP,Cell Line_ HEK,FA,46936.74359,102132.1874,155977.451,76461.14569,122870.5285,165995.1705,23154.36157
FA(11:6),-0.24080054609435983,13.105803702361177,2.082430622184802,0.14900274449274306,0.853956176694767,3,3,Cell Line_ HEP,Cell Line_ HEK,FA,69076.82458,164607.0715,232127.7366,117051.9485,195090.1747,240912.3749,35226.24213
FA(12:1),0.2479762916039544,11.897667424730182,2.20718987022326,0.13736869878278982,0.853956176694767,3,3,Cell Line_ HEP,Cell Line_ HEK,FA,47404.76331,80313.92566,83847.48633,51234.90347,66343.36479,67024.50473,28290.24197
FA(12:4),-0.27674290279190583,10.19351348588402,2.743883708584235,0.097627234545226,0.853956176694767,3,3,Cell Line_ HEP,Cell Line_ HEK,FA,9812.020737,21427.18143,28095.92212,15056.66113,26138.78183,31994.46231,5617.840393
FA(12:5),-0.243869441674231,11.424081017690254,2.1343662091344413,0.14402998009395976,0.853956176694767,3,3,Cell Line_ HEP,Cell Line_ HEK,FA,21267.46158,49694.64349,74856.08533,37733.86258,58958.88416,76132.64526,10699.90066
FA(15:5),-0.23826509832859746,10.264267247603977,2.03479279668958,0.1537351334397963,0.853956176694767,3,3,Cell Line_ HEP,Cell Line_ HEK,FA,11997.7408,20820.00153,28300.62204,19005.16135,25448.88185,29105.96205,6988.280502
FA(16:3),0.22483329075511604,9.261758845467636,1.8073912555426546,0.17882149042044948,0.853956176694767,3,3,Cell Line_ HEP,Cell Line_ HEK,FA,8111.960602,11826.96089,13131.84085,7915.480583,9928.04068,11970.26079,4891.900322
FA(18:3),0.2406176064936311,8.220000892264226,2.0575308536932084,0.1514554143599582,0.853956176694767,3,3,Cell Line_ HEP,Cell Line_ HEK,FA,4092.880314,5252.540359,5586.480396,3931.600277,4724.640305,4727.080303,3219.180202
FA(2:0),-0.21659098028424262,11.257086496044995,1.683669457264159,0.1944375806596324,0.853956176694767,3,3,Cell Line_ HEP,Cell Line_ HEK,FA,23971.78171,42817.12302,54278.98367,35533.08255,53085.66364,55396.52426,15082.46107
FA(21:0),0.2754357859318642,8.836996477970045,2.7058846046579674,0.09997861167002556,0.853956176694767,3,3,Cell Line_ HEP,Cell Line_ HEK,FA,6670.280479,8886.680641,8380.520599,6450.300488,7171.740486,7391.900543,4134.6203
FA(21:3),0.23479004228695824,7.94662899389847,1.9552215746734907,0.16202528574407069,0.853956176694767,3,3,Cell Line_ HEP,Cell Line_ HEK,FA,3240.220245,4127.720264,5240.940342,3230.220242,3792.860268,4213.800327,2569.660175
FA(24:0),0.22882402849951483,9.7710471004483,1.874369613799444,0.1709754601598891,0.853956176694767,3,3,Cell Line_ HEP,Cell Line_ HEK,FA,12224.30091,16646.02115,15662.06104,14713.82095,12055.18088,13011.00097,8453.200603
FA(3:0),-0.26784067927053545,10.703456183526747,2.5721456898479573,0.10876012095374449,0.853956176694767,3,3,Cell Line_ HEP,Cell Line_ HEK,FA,13955.521,30213.74231,39201.34265,23130.70169,36504.72235,42030.06329,9272.680641
FA(3:1),-0.21561838606583636,10.0363895451105,1.666032431069766,0.1967908014445732,0.853956176694767,3,3,Cell Line_ HEP,Cell Line_ HEK,FA,9775.82061,18129.62125,24411.04175,14799.5811,22631.68169,24426.04166,6526.520515
FA(4:1),-0.22044252741020662,10.964736521416924,1.7436424110937878,0.18667797019767907,0.853956176694767,3,3,Cell Line_ HEP,Cell Line_ HEK,FA,16788.88113,35542.54251,49915.36337,26426.86182,43876.30328,50015.86377,11034.38086
FA(6:0),-0.21757027494135897,13.075313248277451,1.7003562146401245,0.19224139859662961,0.853956176694767,3,3,Cell Line_ HEP,Cell Line_ HEK,FA,78408.18573,164131.6517,200527.5944,123051.9883,182251.972,220108.3761,41795.34302
FA(7:0),-0.24170301091697644,13.122217862114523,2.0980480180629115,0.14748732142452384,0.853956176694767,3,3,Cell Line_ HEP,Cell Line_ HEK,FA,71546.7655,168029.5502,224051.4949,121221.0486,199815.274,230612.0967,40338.50275
FA(8:0),-0.25354120906709116,13.1373313332926,2.3083440037135006,0.12868107854326294,0.853956176694767,3,3,Cell Line_ HEP,Cell Line_ HEK,FA,69699.00482,166877.7921,236280.6771,119561.3484,204930.8745,240792.2376,37232.0025
FA(8:2),-0.2495465440783067,11.278392887343799,2.2344795834565048,0.13496205819452697,0.853956176694767,3,3,Cell Line_ HEP,Cell Line_ HEK,FA,20494.62149,44699.56345,62815.92447,34300.02264,55300.30379,63633.88452,11765.04088
FA(9:1),0.22412762095992186,12.538845400214562,1.8040071606558286,0.17922880264965532,0.853956176694767,3,3,Cell Line_ HEP,Cell Line_ HEK,FA,73693.90546,127343.9885,141735.3704,83767.76642,98917.74661,120885.1475,32956.00226
LPC(18:3),-0.21778871098444713,7.571638388637785,1.674466905055823,0.19566129602773719,0.853956176694767,3,3,Cell Line_ HEP,Cell Line_ HEK,PC,2125.940136,2666.800201,2987.900219,2391.000187,3227.260231,4105.660305,2437.540173
LPC(24:1),-0.22324993821852349,7.94536386738485,1.767749390655041,0.1836608550879634,0.853956176694767,3,3,Cell Line_ HEP,Cell Line_ HEK,PC,2882.940201,3654.220242,4193.380299,4105.720333,4271.580265,4808.180317,2491.300179
PC(14:0)|LPC(15:0)|LPC(O-16:0),-0.27290782794687257,7.5618408001597315,2.6281343254127094,0.10498500986033643,0.853956176694767,3,3,Cell Line_ HEP,Cell Line_ HEK,PC,2047.640152,2692.86018,3019.340218,3062.500233,3191.520229,3597.540218,2258.180157
PC(18:1)|LPC(19:1)|PC(O-19:1)|LPC(P-20:0),-0.2349458300945889,7.690698529398441,1.9522177356006551,0.1623480689175527,0.853956176694767,3,3,Cell Line_ HEP,Cell Line_ HEK,PC,2179.860168,2914.460186,3729.820286,3172.740219,3419.100235,4256.480297,2355.180168
PC(20:4)|LPC(21:4),0.23402710597138957,9.041082386346021,1.9574035874558153,0.1617912725128742,0.853956176694767,3,3,Cell Line_ HEP,Cell Line_ HEK,PC,6379.440521,11663.48079,13213.72092,7048.400501,8687.280647,11780.06084,2374.780159
FA(12:6),-0.2087096743446527,13.04389044492771,1.5648099943364286,0.2109623320666882,0.8574979607293034,3,3,Cell Line_ HEP,Cell Line_ HEK,FA,66205.68494,158153.11060000001,232288.2576,111435.0875,187716.1139,229327.7561,30382.9223
FA(26:1),0.20817150477155263,9.0108372153784,1.548179009285775,0.21340446986475875,0.8574979607293034,3,3,Cell Line_ HEP,Cell Line_ HEK,FA,6656.400467,9728.280663,11269.50078,7531.360565,7673.680511,9746.380676,4187.880302
FA(9:0) | FA(10:7)_2,-0.2100890909730193,12.67954330334039,1.585396166004104,0.2079851283856835,0.8574979607293034,3,3,Cell Line_ HEP,Cell Line_ HEK,FA,53323.34381,122809.009,174547.6509,86717.56622,145318.3098,176032.6736,25549.90176
LPC(4:0)|PC(O-4:0)|PC(O-5:0),0.20625343292917217,7.110090952172677,1.4904135025697158,0.22215231367374313,0.876708237891022,3,3,Cell Line_ HEP,Cell Line_ HEK,PC,1985.980133,2121.880142,2108.100147,2074.540157,1806.120132,1886.920143,1923.980125
FA(10:0) | FA(10:0),-0.183540857626085,12.418819148216837,1.2101881453286296,0.2712948633941434,0.8781208159025979,3,3,Cell Line_ HEP,Cell Line_ HEK,FA,42503.42297,102436.4468,151725.4302,68402.58453,119254.2484,150274.0503,22087.90182
FA(10:1),-0.17717363896213245,12.14478770114652,1.1276156955800634,0.2882844872839258,0.8781208159025979,3,3,Cell Line_ HEP,Cell Line_ HEK,FA,36441.46249,87649.04608,121415.8483,59419.88434,101617.0861,117447.4087,17463.8811
FA(14:5),-0.1941848228548072,10.855912966853827,1.353116197429813,0.24473407692169127,0.8781208159025979,3,3,Cell Line_ HEP,Cell Line_ HEK,FA,18026.02121,33914.70239,42023.68274,27511.62189,39256.66301,43033.42317,10182.20072
FA(14:6),-0.16653774187178216,12.584507099383194,0.9964931488420916,0.31816055367120316,0.8781208159025979,3,3,Cell Line_ HEP,Cell Line_ HEK,FA,57651.58423,118878.0088,135015.4501,90528.96643,126252.6492,139807.0488,37020.60257
FA(15:6),-0.19635127482086862,11.74272206646864,1.384419186530522,0.23934983104791027,0.8781208159025979,3,3,Cell Line_ HEP,Cell Line_ HEK,FA,31890.08209,63006.52466,79672.4256,52703.74338,72044.94446,77872.60513,18873.64133
FA(16:5),-0.17460831872786187,10.296992855296542,1.0933702562928151,0.29572567365929914,0.8781208159025979,3,3,Cell Line_ HEP,Cell Line_ HEK,FA,12572.42099,21779.14163,28508.28201,17565.42113,25733.12193,29627.00199,8071.360641
FA(19:2),0.17927010027239365,8.161411135071795,1.1420819608657136,0.28521282820034255,0.8781208159025979,3,3,Cell Line_ HEP,Cell Line_ HEK,FA,3607.200237,4893.800358,5535.7003779999995,4240.900295,3946.100231,4762.280331,3242.740219
FA(19:6),0.19235931492207084,9.814701686479841,1.3254006667932572,0.24962509505356553,0.8781208159025979,3,3,Cell Line_ HEP,Cell Line_ HEK,FA,11929.30093,16407.62137,19752.50133,12428.76089,14479.44098,17218.92136,7145.200508
FA(20:0),0.184658403403862,8.572092247909351,1.2154977524866055,0.27024603298632904,0.8781208159025979,3,3,Cell Line_ HEP,Cell Line_ HEK,FA,5292.560356,6909.700523,7059.440556,5521.000412,5933.960403,6502.140442,3595.220215
FA(20:2),0.18637972838144568,7.836083933072859,1.2315035289283074,0.26711483665396196,0.8781208159025979,3,3,Cell Line_ HEP,Cell Line_ HEK,FA,2994.280216,4145.960285,4463.300293,3246.34024,3528.100258,3936.88028,2234.480156
FA(26:2),0.16876536548803608,8.797143615249219,1.0168691126864218,0.31326281731822364,0.8781208159025979,3,3,Cell Line_ HEP,Cell Line_ HEK,FA,5759.400387,8367.280563,9231.740723,5892.380444,7289.660519,8704.420624,3682.960274
FA(28:6),0.19130191727877952,9.154635700147688,1.3085447140212807,0.25265831191440774,0.8781208159025979,3,3,Cell Line_ HEP,Cell Line_ HEK,FA,7518.780518,10491.26073,13391.34097,8334.96051,8873.040619,11443.02086,3830.300293
FA(4:0),-0.17572150800049471,12.78854355257893,1.1094515719541942,0.2922011956817815,0.8781208159025979,3,3,Cell Line_ HEP,Cell Line_ HEK,FA,59131.80389,131787.8899,190948.715,88853.42645,158971.5911,186972.7934,28305.64191
FA(5:0),-0.1794746964746342,12.41348200279181,1.1571850359273412,0.28205010511276896,0.8781208159025979,3,3,Cell Line_ HEP,Cell Line_ HEK,FA,46131.38287,101660.9879,143455.75,70090.84467,121189.9486,141616.6898,23658.74176
FA(5:1),-0.1907521393589825,12.052102185266826,1.3068811458015261,0.2529601181934769,0.8781208159025979,3,3,Cell Line_ HEP,Cell Line_ HEK,FA,37229.86258,77979.08582,108944.8884,55932.80365,94465.60699,108592.0873,18946.44144
FA(5:2),-0.17590784432531692,12.974849686147772,1.1118463527409403,0.29168094434919023,0.8781208159025979,3,3,Cell Line_ HEP,Cell Line_ HEK,FA,74595.12451,143448.7513,205228.3542,106599.2677,171317.8327,208991.9349,37717.22263
FA(7:1),-0.19603494929633697,12.89033102875921,1.380606095098301,0.2399979342812688,0.8781208159025979,3,3,Cell Line_ HEP,Cell Line_ HEK,FA,64101.88464,141112.0503,198140.7122,99296.7674,168855.4712,198219.1537,32291.58191
FA(7:2),-0.18508756684954156,11.390589538195623,1.2300019776537283,0.26740665346492815,0.8781208159025979,3,3,Cell Line_ HEP,Cell Line_ HEK,FA,22975.72177,50576.30396,67559.245,36707.78282,59141.30408,65947.50439,12877.78087
FA(8:6),-0.19481890151078188,13.731200658087884,1.36375860400085,0.24288714340268386,0.8781208159025979,3,3,Cell Line_ HEP,Cell Line_ HEK,FA,117102.5689,260470.6592,348350.4819,183244.0728,298107.2202,359339.9452,52870.20367
FA(9:0) | FA(10:7),-0.16821641120201164,12.795008494944264,1.0167582978938299,0.3132891860242072,0.8781208159025979,3,3,Cell Line_ HEP,Cell Line_ HEK,FA,59884.08405,132577.8091,190399.854,91943.78687,150913.2111,191477.7328,29677.32202
LPC(14:0)|PC(O-14:0)|LPC(O-15:0),0.16772774761559175,7.447594103920231,0.9924232008792053,0.3191508433787337,0.8781208159025979,3,3,Cell Line_ HEP,Cell Line_ HEK,PC,2372.180149,3057.420216,2861.480198,2276.900169,2565.680183,3093.380215,2042.340137
LPC(2:0),0.1715260243311629,7.103145815512185,1.0302243829757742,0.310105972394046,0.8781208159025979,3,3,Cell Line_ HEP,Cell Line_ HEK,PC,1932.760136,1931.360134,2084.060143,1895.300148,1989.400112,1784.600132,2069.460133
LPC(3:0)|PC(O-3:0),0.17324262412803865,7.180343178341411,1.0519393945318214,0.30506084936412375,0.8781208159025979,3,3,Cell Line_ HEP,Cell Line_ HEK,PC,2014.880138,1995.080139,2138.860134,1799.580139,2061.380146,2053.300144,2295.220146
LPC(3:1),0.16710622738262929,7.244453706843382,0.9814333712867551,0.3218451859190517,0.8781208159025979,3,3,Cell Line_ HEP,Cell Line_ HEK,PC,2268.060173,2280.04015,2366.10017,2215.140141,2384.720173,2018.460136,1922.560146
LPC(6:0),0.169433103950298,7.155364171810078,1.0063849767386008,0.3157704470499848,0.8781208159025979,3,3,Cell Line_ HEP,Cell Line_ HEK,PC,1940.26012,2187.040176,2076.080147,1868.100132,2093.680164,1973.440132,2124.180138
FA(13:0) | FA(14:7),-0.16145216945555715,11.495378000823,0.9360961221684647,0.33328384550441287,0.8827525438199532,3,3,Cell Line_ HEP,Cell Line_ HEK,FA,27477.44189,54567.16351,63045.12445,41880.063219999996,61154.46449,62438.34427,18690.76132
FA(15:0) | FA(16:7),-0.15839997930656935,11.123196913102426,0.9007972399031132,0.3425680317619543,0.8827525438199532,3,3,Cell Line_ HEP,Cell Line_ HEK,FA,22456.28159,40562.2229,49652.1037,34103.08246,44510.20323,50054.84357,13611.88095
FA(16:6),-0.1417167079953637,11.030636620890913,0.7210405652328404,0.39580279689339093,0.8827525438199532,3,3,Cell Line_ HEP,Cell Line_ HEK,FA,21011.08139,37779.96259,46403.76349,31654.28212,40385.18263,46777.28299,13822.12093
FA(19:0),0.14952673901827185,8.56860852901217,0.7969893877242242,0.37199502015928254,0.8827525438199532,3,3,Cell Line_ HEP,Cell Line_ HEK,FA,4870.280315,6646.560497,7040.360504,5463.700356,5522.900356,6638.940479,4109.720306
FA(20:5),0.14523898241461455,9.128671251086464,0.7541881160905035,0.38515347927936017,0.8827525438199532,3,3,Cell Line_ HEP,Cell Line_ HEK,FA,7018.140472,9964.140724,11716.78087,8209.940598,8633.760612,10190.62073,5127.280407
FA(22:2),0.14256083307138653,8.229153859675234,0.7230327664933898,0.3951509050434171,0.8827525438199532,3,3,Cell Line_ HEP,Cell Line_ HEK,FA,3829.140301,5551.740383,5538.12043,3977.140301,5127.000381,5152.600327,3007.660233
FA(22:7),0.1440002603925691,9.384907221161754,0.742051787604936,0.3890044091154854,0.8827525438199532,3,3,Cell Line_ HEP,Cell Line_ HEK,FA,8285.240593,11533.38072,14388.00102,8750.820633,10594.86075,13099.12091,6262.480457
FA(23:0),0.14179377441286828,9.113347821313084,0.7186936340622196,0.39657275543298537,0.8827525438199532,3,3,Cell Line_ HEP,Cell Line_ HEK,FA,7562.040577,10032.40076,9768.300728,8144.920586,8973.320698,9157.940647,5431.560375
FA(24:3),-0.1448440329620838,8.44700966646768,0.7475912541425489,0.38723992714627536,0.8827525438199532,3,3,Cell Line_ HEP,Cell Line_ HEK,FA,3783.300247,6225.660423,6202.660423,5810.480373,6146.720417,6614.040462,3184.420235
FA(26:4),0.1398398355815739,8.877464175881403,0.698571834883225,0.4032639949031652,0.8827525438199532,3,3,Cell Line_ HEP,Cell Line_ HEK,FA,5908.880421,9096.9207,9684.980644,6671.720459,8107.360573,8604.58062,3751.240276
FA(28:1),0.15306623811647888,9.789672844195922,0.839485550797086,0.3595439449950996,0.8827525438199532,3,3,Cell Line_ HEP,Cell Line_ HEK,FA,12779.94096,17346.36116,17765.08133,14267.94105,15144.9611,15920.1812,5316.000389
FA(28:3),0.1398039878272359,8.861660899060626,0.6980791077218971,0.40342989559192427,0.8827525438199532,3,3,Cell Line_ HEP,Cell Line_ HEK,FA,5405.980358,8456.020561,10247.8607,6870.840439,6849.640518,8856.820667,4240.540302
FA(6:2),-0.1509901374660853,11.995682375773763,0.819026046377985,0.3654650809244374,0.8827525438199532,3,3,Cell Line_ HEP,Cell Line_ HEK,FA,36891.92267,73364.76514,105262.3477,52864.5433,85088.84622,105181.3074,20814.14142
FA(8:1),-0.15675425217861758,11.463765611859404,0.8824662229371825,0.34752708948549454,0.8827525438199532,3,3,Cell Line_ HEP,Cell Line_ HEK,FA,24430.00165,52193.463710000004,74029.8056,37958.46249,59119.60446,72457.96539,13264.48102
LPC(14:1)|LPC(P-15:0),-0.14687853265144094,7.395917833812662,0.7597839838658444,0.3833961327942104,0.8827525438199532,3,3,Cell Line_ HEP,Cell Line_ HEK,PC,2072.080147,2218.320145,2564.240173,2483.260193,2810.860191,2817.120232,2281.28017
LPC(20:4),0.14347993324849295,8.323414212323529,0.733244941830165,0.39183339443962883,0.8827525438199532,3,3,Cell Line_ HEP,Cell Line_ HEK,PC,4684.580326,5387.620422,6758.160469,4614.080349,5869.100449,5627.920414,2316.78017
LPC(22:4),-0.15006129003955837,9.679432339873626,0.8066483578776626,0.3691130237119882,0.8827525438199532,3,3,Cell Line_ HEP,Cell Line_ HEK,PC,11505.34081,15385.18113,13364.64083,19048.38137,14565.82111,12925.18093,4044.480328
LPC(22:6),-0.15382235235179353,7.658341499062782,0.8367266459860687,0.36033463294234014,0.8827525438199532,3,3,Cell Line_ HEP,Cell Line_ HEK,PC,2144.740128,3011.220215,3534.020279,3364.460258,3145.680256,3485.440281,2484.660172
LPC(24:0),-0.14547775062977242,7.858055256724687,0.7501335516250975,0.3864339508326021,0.8827525438199532,3,3,Cell Line_ HEP,Cell Line_ HEK,PC,2870.800205,3407.300243,3769.180271,4058.120262,3921.920277,3691.340294,2596.220181
PC(10:0)|LPC(11:0),0.140957179958207,7.3701124528734105,0.6998323762731856,0.40284002397665813,0.8827525438199532,3,3,Cell Line_ HEP,Cell Line_ HEK,PC,1902.760136,2830.560181,2890.420212,2222.280186,2329.320168,2689.040192,2235.860168
FA(8:5),-0.13793253848206802,13.478011829828509,0.6838470643078836,0.4082651407820139,0.8845744716943634,3,3,Cell Line_ HEP,Cell Line_ HEK,FA,90134.80573,211413.5354,333643.9664,127881.5893,241759.9572,334721.4442,41653.16287
FA(24:2),0.13557543285730767,8.574491865613208,0.6555836647070237,0.41812341903668343,0.8971385981272527,3,3,Cell Line_ HEP,Cell Line_ HEK,FA,4869.320362,7284.780548,7507.860474,5478.240383,6295.640469,6993.880531,3237.120251
FA(37:0),-0.1327051567807225,8.64028507765787,0.6284394166566614,0.4279283245300709,0.9006872354394826,3,3,Cell Line_ HEP,Cell Line_ HEK,FA,4339.880302,6722.140507,8126.080597,5382.680386,7236.800499,9417.840618,3255.660225
FA(38:0),-0.1335483881616389,8.678755723586283,0.6365766925375738,0.42495315176345144,0.9006872354394826,3,3,Cell Line_ HEP,Cell Line_ HEK,FA,4293.540306,6573.660469,8969.940605,5699.800373,7698.980579,9095.060669,3379.200256
FA(17:4),0.12448106112945673,7.751559352148883,0.5486474356925086,0.45887087838000595,0.9010263859545189,3,3,Cell Line_ HEP,Cell Line_ HEK,FA,3028.300201,3031.120224,4002.440273,2979.380215,3125.880234,3776.140301,2556.760189
FA(18:2),0.12396519558962292,7.6975392898085335,0.5441793781223598,0.4607057991532156,0.9010263859545189,3,3,Cell Line_ HEP,Cell Line_ HEK,FA,2769.000195,3634.640259,3778.360271,3106.600224,3043.320206,3741.940243,2087.680164
FA(22:3),0.12408266789616554,8.556137148698072,0.5488945922664641,0.4587697151836761,0.9010263859545189,3,3,Cell Line_ HEP,Cell Line_ HEK,FA,4595.120319,6788.880539,6991.200493,4962.220341,6432.22047,6298.740448,4048.700272
FA(28:0),0.12529636193122357,9.015519601652546,0.5611832297192478,0.45378389384595325,0.9010263859545189,3,3,Cell Line_ HEP,Cell Line_ HEK,FA,6801.740486,9462.720673,10657.62082,7790.300514,8157.240589,9942.900627,4102.540291
FA(38:4),-0.13119223397774044,8.441883732192197,0.6133447472354047,0.4335312259560141,0.9010263859545189,3,3,Cell Line_ HEP,Cell Line_ HEK,FA,3835.400291,5550.800415,6839.300514,4900.420303,6623.32045,6997.320473,3252.62022
FA(9:2),-0.12381324847147773,11.25251239665767,0.5505617323156002,0.4580882614322656,0.9010263859545189,3,3,Cell Line_ HEP,Cell Line_ HEK,FA,23636.58191,44899.56317,62012.02466,32950.36243,50556.92365,61617.72424,11124.1207
PC(18:0)|LPC(19:0)|PC(O-19:0)|LPC(O-20:0),-0.13075696590972108,7.53920833564469,0.6043117459502767,0.43693761256259706,0.9010263859545189,3,3,Cell Line_ HEP,Cell Line_ HEK,PC,2057.220142,2838.9202,3512.880234,2866.620193,3104.020199,3614.300278,1971.50013
PC(21:1)|LPC(22:1),-0.12447888763838413,7.712244629934423,0.5481864274713857,0.4590596671249103,0.9010263859545189,3,3,Cell Line_ HEP,Cell Line_ HEK,PC,2514.780186,3152.840202,3176.680252,3403.380222,3411.900223,3367.22023,2642.560188
FA(23:1),0.12174389982443962,8.98038120636981,0.5296762792954439,0.46674299017534643,0.9041799260611179,3,3,Cell Line_ HEP,Cell Line_ HEK,FA,6664.620461,8409.960663,10615.42076,7526.520535,7658.120522,9592.940655,4493.640335
FA(25:0),0.12075400966639974,8.853481809307004,0.5207994312091521,0.47050086650239165,0.9041799260611179,3,3,Cell Line_ HEP,Cell Line_ HEK,FA,5333.140362,8637.440643,9654.900742,6764.640453,7791.160534,7807.020527,4326.000309
FA(19:4),0.11937043732011127,8.12318081400639,0.50654178160827,0.4766397366577397,0.9080808775979351,3,3,Cell Line_ HEP,Cell Line_ HEK,FA,3512.060257,5208.800377,4910.960373,3787.20026,4754.76038,4696.220314,2883.48019
FA(26:5),0.1156200167711373,8.752782142822568,0.47727233902216426,0.489660439621137,0.9249141637288143,3,3,Cell Line_ HEP,Cell Line_ HEK,FA,5603.560368,8371.940582,8022.800552,6469.180458,7195.240505,7672.140579,3643.520256
FA(10:2),-0.0991060433702887,11.220092906165604,0.35278601642994545,0.5525402549340779,0.9569603822860729,3,3,Cell Line_ HEP,Cell Line_ HEK,FA,20636.8215,46147.04321,63029.16455,30060.22209,52227.70345,57920.20392,11371.64085
FA(13:0) | FA(14:7)_2,-0.09442200039732139,9.709403032484547,0.3194664287283331,0.5719284782908753,0.9569603822860729,3,3,Cell Line_ HEP,Cell Line_ HEK,FA,8366.020515,16398.78119,16721.10109,12310.12089,15341.14114,17979.76115,6520.920448
FA(13:2),0.06907857541553722,9.187936576331783,0.17074268770855738,0.6794525994046464,0.9569603822860729,3,3,Cell Line_ HEP,Cell Line_ HEK,FA,6780.040489,10704.60082,13092.16092,7842.50061,10577.82076,11804.14087,4408.04031
FA(14:0),-0.08649301841418122,9.520431199896317,0.26794207501922074,0.6047155982825615,0.9569603822860729,3,3,Cell Line_ HEP,Cell Line_ HEK,FA,7959.5205,12217.06081,16425.44115,10611.74068,13959.08104,15467.50133,5607.780422
FA(14:2),0.07647489052521506,10.473904349570471,0.20989249409926458,0.6468516790646263,0.9569603822860729,3,3,Cell Line_ HEP,Cell Line_ HEK,FA,16171.76117,27584.34198,33023.18225,20453.10144,25781.16171,28620.94235,9307.320679
FA(15:0) | FA(16:7)_2,-0.10068834435609259,9.262131415775642,0.362764828643364,0.5469747157400567,0.9569603822860729,3,3,Cell Line_ HEP,Cell Line_ HEK,FA,7857.280586,9759.840683,11850.42088,9276.240631,11409.44069,12742.00081,4789.720364
FA(16:1),-0.07533077351292684,8.263840893882158,0.20206263378722156,0.6530610734670236,0.9569603822860729,3,3,Cell Line_ HEP,Cell Line_ HEK,FA,3421.200253,5459.56041,5898.500385,4333.920322,5705.200417,6213.680439,2717.240196
FA(16:2),0.04799293082406508,7.782925013993295,0.08163440913291353,0.775094608276955,0.9569603822860729,3,3,Cell Line_ HEP,Cell Line_ HEK,FA,2651.040203,3509.380222,4235.300304,3106.000237,3487.740253,3941.860271,2466.840176
FA(16:4),-0.06792033729358699,9.051924164625168,0.1649993407862737,0.6845948394514919,0.9569603822860729,3,3,Cell Line_ HEP,Cell Line_ HEK,FA,5991.900467,9600.580704,11524.70081,8140.400578,10212.26073,10978.56073,3456.200226
FA(17:0) | FA(18:7),0.08356369910674573,10.906396939030104,0.25073077670390376,0.6165609845600576,0.9569603822860729,3,3,Cell Line_ HEP,Cell Line_ HEK,FA,22624.66141,37140.08276,43159.98322,28450.64206,33446.64197,38384.16272,12866.50098
FA(17:0) | FA(18:7)_2,0.054037281228545064,8.691064228263196,0.1042426478305174,0.7467964991235156,0.9569603822860729,3,3,Cell Line_ HEP,Cell Line_ HEK,FA,5350.6404,7014.100502,8291.420601,5809.540432,7298.700531,7853.740601,3547.300274
FA(17:3),-0.060142496345297655,7.578010468995338,0.12790338038905702,0.7206158677775482,0.9569603822860729,3,3,Cell Line_ HEP,Cell Line_ HEK,FA,2283.800163,2751.680199,3685.820251,3154.38023,3177.260235,3085.600231,2100.480145
FA(17:6),-0.0880091389629194,10.57188380794652,0.2780067081089328,0.5980106768744605,0.9569603822860729,3,3,Cell Line_ HEP,Cell Line_ HEK,FA,16187.26112,27796.42194,33754.0625,23096.90161,29018.58197,32734.12213,9970.280769
FA(18:1),0.10687864861332627,8.053361113287746,0.40586818252835144,0.5240741378860145,0.9569603822860729,3,3,Cell Line_ HEP,Cell Line_ HEK,FA,3324.060253,4561.30035,5171.640362,4174.460304,4252.720268,4148.620293,2713.100201
FA(18:5),0.06989266251384918,8.914127902028879,0.1745268978092298,0.6761195533821512,0.9569603822860729,3,3,Cell Line_ HEP,Cell Line_ HEK,FA,6327.620506,8085.400627,8870.540588,6801.700447,7516.98053,9273.460716,4837.100346
FA(19:1),0.06888528861675763,8.059459244798179,0.1686178735224324,0.6813430795509984,0.9569603822860729,3,3,Cell Line_ HEP,Cell Line_ HEK,FA,3313.30024,4393.90033,5057.820366,3619.060268,4317.600288,4899.480377,2866.520199
FA(20:1),-0.07921233097857577,7.821110371076711,0.22240201764930134,0.6372157648664534,0.9569603822860729,3,3,Cell Line_ HEP,Cell Line_ HEK,FA,2782.58017,3710.320259,3509.000259,3540.32024,3492.140217,4209.980282,2556.120213
FA(20:4),0.06248375690180415,8.176944489051927,0.13889165170594708,0.7093853559192907,0.9569603822860729,3,3,Cell Line_ HEP,Cell Line_ HEK,FA,3738.640289,4840.560341,5483.740364,4582.1203,3918.520298,5706.960403,2832.940201
FA(20:6),0.051397485148000625,10.935964932687007,0.09486117549993622,0.7580858213712482,0.9569603822860729,3,3,Cell Line_ HEP,Cell Line_ HEK,FA,23303.66174,35921.28271,41335.02307,27166.44177,34657.0425,39359.22247,15563.06108
FA(21:1),0.09315522584124881,8.386937916289753,0.30904851765085084,0.5782646406065705,0.9569603822860729,3,3,Cell Line_ HEP,Cell Line_ HEK,FA,4378.280319,5452.080395,6134.160488,5207.780342,4904.060387,5636.240398,3644.100258
FA(21:2),0.07979019003506217,8.496114400971955,0.22704731755968055,0.6337218937949991,0.9569603822860729,3,3,Cell Line_ HEP,Cell Line_ HEK,FA,4805.000359,5884.580379,7566.900497,4115.640301,5509.440392,9010.240601,3051.020191
FA(21:5),-0.061376518642443506,8.341498299593669,0.13417753399858157,0.7141393515933725,0.9569603822860729,3,3,Cell Line_ HEP,Cell Line_ HEK,FA,4132.040253,5038.160351,6059.640411,4902.100315,5965.900398,5879.920391,3029.680225
FA(22:0),0.06227022275764762,9.152990638776322,0.13869226090662323,0.709584558413522,0.9569603822860729,3,3,Cell Line_ HEP,Cell Line_ HEK,FA,7564.080524,10296.84074,10154.84068,8672.760624,9132.54073,10641.12082,5087.800354
FA(22:4),-0.08654740299617848,8.174378336525601,0.26648520067296744,0.6056993344364727,0.9569603822860729,3,3,Cell Line_ HEP,Cell Line_ HEK,FA,3135.760197,4469.880291,6076.960415,4308.260303,5248.880363,5396.820381,2803.580193
FA(22:6),0.07333701264788019,8.57163068522714,0.19186439518125553,0.6613694065795857,0.9569603822860729,3,3,Cell Line_ HEP,Cell Line_ HEK,FA,5140.260361,7154.440514,6679.900558,5807.300434,6190.860447,7161.000465,3198.020226
FA(23:6),0.10585991144273364,8.48495675428583,0.3995306593209307,0.527331743489057,0.9569603822860729,3,3,Cell Line_ HEP,Cell Line_ HEK,FA,4468.440315,6926.560463,6808.780487,5423.260387,5574.34042,6720.640488,3124.420242
FA(24:12),-0.07869031366909865,9.117940127973922,0.22151032026494022,0.6378915319503953,0.9569603822860729,3,3,Cell Line_ HEP,Cell Line_ HEK,FA,6058.280464,10214.16072,11583.92082,7536.560478,10498.20075,12622.28101,4025.400303
FA(24:4),0.051683896969662704,8.796391225137484,0.09542058557343047,0.7573959030377042,0.9569603822860729,3,3,Cell Line_ HEP,Cell Line_ HEK,FA,5158.540398,8052.10054,9523.36071,6548.54047,7637.600536,8490.980572,3679.140244
FA(24:7),0.10570642487128121,8.592387376547217,0.39853308427666434,0.5278478071644822,0.9569603822860729,3,3,Cell Line_ HEP,Cell Line_ HEK,FA,5553.900433,6190.880402,7275.440521,6031.460411,6106.380447,6626.860443,3566.160229
FA(26:0),0.09963856562878264,9.404663782162386,0.35540625487425714,0.5510686194963531,0.9569603822860729,3,3,Cell Line_ HEP,Cell Line_ HEK,FA,8256.100632,12427.78078,14285.20096,9583.620667,11247.66078,13203.32093,5658.820435
FA(26:3),0.07788927031478614,8.897900492537532,0.21680876729794818,0.6414823100990215,0.9569603822860729,3,3,Cell Line_ HEP,Cell Line_ HEK,FA,6092.8004,9659.900719,8791.5606,7089.160522,7989.620552,9449.960655,3589.280277
FA(26:6),0.09782323293972094,8.767441443892729,0.3416785774330684,0.558861914035621,0.9569603822860729,3,3,Cell Line_ HEP,Cell Line_ HEK,FA,5684.800411,8257.460579,7789.100464,5689.020382,7696.180527,8233.400555,3932.140251
FA(27:2),0.09046091152001348,8.9281456372578,0.29242342009379024,0.5886717147875795,0.9569603822860729,3,3,Cell Line_ HEP,Cell Line_ HEK,FA,6150.840443,8424.140587,10140.72068,7368.84053,7991.780579,8817.52063,4250.640263
FA(28:5),-0.05489575318427746,8.986752992502778,0.10773049864399553,0.7427428734512161,0.9569603822860729,3,3,Cell Line_ HEP,Cell Line_ HEK,FA,5943.960388,9046.980698,9730.460732,8364.840611,8869.560558,9397.200653,4229.600285
FA(29:1),-0.052230088270486995,9.926660034573388,0.09781796957744154,0.754464037241259,0.9569603822860729,3,3,Cell Line_ HEP,Cell Line_ HEK,FA,11147.48087,18019.62115,20986.9016,16152.12112,16960.34113,20495.62144,6129.800438
FA(29:2),0.0740591593499874,9.33670498243037,0.1963504904935789,0.6576828928885466,0.9569603822860729,3,3,Cell Line_ HEP,Cell Line_ HEK,FA,8273.300625,11976.34085,13779.26102,9903.720734,10463.12079,13457.78084,4415.180332
FA(29:3),0.05960482626190471,9.325182386678883,0.12716652086409397,0.7213881691200474,0.9569603822860729,3,3,Cell Line_ HEP,Cell Line_ HEK,FA,7961.160603,11852.56084,12668.10088,9452.160667,10734.80082,12471.58093,5307.300369
FA(30:2),0.06868658864335671,9.62759942422019,0.16903732193763688,0.6809687909936484,0.9569603822860729,3,3,Cell Line_ HEP,Cell Line_ HEK,FA,9495.660728,14239.70107,17991.48131,11677.70084,13427.68099,16089.6013,5662.980434
FA(30:3),-0.04823381091750076,9.854277074422246,0.08341046221767101,0.7727277779967068,0.9569603822860729,3,3,Cell Line_ HEP,Cell Line_ HEK,FA,10285.08078,17656.72121,19790.86128,14002.82101,16452.30126,20664.40142,5974.480423
FA(30:4),0.06067471289845928,9.518967497265741,0.13186538970089146,0.7165057256036822,0.9569603822860729,3,3,Cell Line_ HEP,Cell Line_ HEK,FA,9954.500732,13185.22101,15006.40105,11443.76085,12194.34085,14924.44105,4936.740372
FA(30:5),-0.048478960874126405,8.847768823960447,0.08398512334019159,0.7719678178598893,0.9569603822860729,3,3,Cell Line_ HEP,Cell Line_ HEK,FA,5638.720375,8057.000481,9539.920708,7346.8405,8846.640713,8757.060665,3173.680229
FA(31:0),0.07288319191741961,9.115870653782466,0.19001248721821185,0.6629062247177936,0.9569603822860729,3,3,Cell Line_ HEP,Cell Line_ HEK,FA,6571.180496,9584.760742,12927.76091,7976.760498,9795.120705,10741.62074,4243.860313
FA(32:0),-0.06401412260443869,9.211264189271908,0.14663407516497529,0.701772934922301,0.9569603822860729,3,3,Cell Line_ HEP,Cell Line_ HEK,FA,6710.540482,9951.400734,12886.42091,8617.700581,10525.54069,12938.3409,4565.180313
FA(32:4),-0.05434685762689793,9.300127778374979,0.1057363964727891,0.7450514029170333,0.9569603822860729,3,3,Cell Line_ HEP,Cell Line_ HEK,FA,6622.000435,11775.68079,14173.02098,9997.320717,11227.44077,13332.96103,4205.400303
FA(32:6),0.09644595616045028,8.972254652411687,0.33244834703707227,0.5642209567476797,0.9569603822860729,3,3,Cell Line_ HEP,Cell Line_ HEK,FA,6705.640472,8815.420589,9822.980652,7588.500629,8233.100574,9132.700668,4315.640335
FA(34:0),0.10142429360663313,8.95500436564241,0.3677223457914635,0.5442484098972546,0.9569603822860729,3,3,Cell Line_ HEP,Cell Line_ HEK,FA,6452.780479,8760.860565,11215.16077,7781.160576,8066.720623,9764.200691,3381.980247
FA(35:0),0.10906110197197953,9.113711794746152,0.42542815459285066,0.5142408528313633,0.9569603822860729,3,3,Cell Line_ HEP,Cell Line_ HEK,FA,6723.480476,10631.40076,12055.32092,7287.000492,9557.840691,11691.58086,4055.560299
FA(36:0),-0.1030348075935271,8.716844346689724,0.37903656139196507,0.5381193038706422,0.9569603822860729,3,3,Cell Line_ HEP,Cell Line_ HEK,FA,4547.360325,7093.560448,8851.94059,6060.560371,7284.400513,9530.22068,3457.080219
FA(38:5),-0.07255122640048492,8.447543415980157,0.18766774799640018,0.6648648608098467,0.9569603822860729,3,3,Cell Line_ HEP,Cell Line_ HEK,FA,3649.480244,5840.220409,7604.140614,5002.540398,5886.440407,7663.200546,3051.800213
FA(38:6),-0.05192514639209967,8.479037481289318,0.09615968118390583,0.7564877676513703,0.9569603822860729,3,3,Cell Line_ HEP,Cell Line_ HEK,FA,4085.000286,5951.700455,7646.020561,5028.28035,6198.960445,7897.980583,2876.860207
FA(42:6),-0.0719866725617497,8.164092346137737,0.18438675575538177,0.6676301240067879,0.9569603822860729,3,3,Cell Line_ HEP,Cell Line_ HEK,FA,3623.000267,4664.420319,5415.360359,4355.18029,4866.92033,6024.760445,2434.860184
FA(46:0),-0.05432070480358285,7.720884079188024,0.10456993943680004,0.7464129595345508,0.9569603822860729,3,3,Cell Line_ HEP,Cell Line_ HEK,FA,2689.560211,3251.960232,4015.880272,3291.080269,3345.280258,4292.460323,1957.000141
FA(7:3),-0.08701811871603311,10.316475731432428,0.27171184067833565,0.6021857599911535,0.9569603822860729,3,3,Cell Line_ HEP,Cell Line_ HEK,FA,12822.98089,24818.4416,30635.56226,15780.40111,28073.80211,30722.72244,6144.880455
LPC(18:4),-0.07796096501982366,7.5491634057869375,0.2147906546271373,0.6430381722283439,0.9569603822860729,3,3,Cell Line_ HEP,Cell Line_ HEK,PC,2165.460155,2811.980202,3338.740246,2502.940182,3270.520233,3490.940216,2214.06015
LPC(19:3),-0.08658465797251798,7.4924766367400135,0.2647849349474073,0.6068517335291334,0.9569603822860729,3,3,Cell Line_ HEP,Cell Line_ HEK,PC,2092.660152,2556.340187,3427.020229,2675.500198,2927.660206,3372.880268,2056.740143
LPC(20:3),0.050317710943860505,7.8626240031465136,0.08984924186700027,0.764368900894787,0.9569603822860729,3,3,Cell Line_ HEP,Cell Line_ HEK,PC,3163.880249,3523.200245,4709.820301,3533.20026,3971.840279,4079.700294,2134.120144
LPC(20:5),0.08548791156305957,7.702724857696083,0.2585761423630615,0.611100055719171,0.9569603822860729,3,3,Cell Line_ HEP,Cell Line_ HEK,PC,2405.680172,3319.360245,3775.180275,2789.580189,3486.020264,3045.640221,2751.760201
LPC(8:0),0.09191554497760875,7.203988375193444,0.2969604676835278,0.5857942390637593,0.9569603822860729,3,3,Cell Line_ HEP,Cell Line_ HEK,PC,1768.640129,2389.580173,2564.04018,1975.62014,2292.580173,2370.220177,1924.160137
LPC(O-10:1),-0.05002000652664847,7.290577912630231,0.0880189939338436,0.7667108642526446,0.9569603822860729,3,3,Cell Line_ HEP,Cell Line_ HEK,PC,1806.260124,2236.780148,2585.340183,2275.460159,2292.92017,2667.380184,2189.900139
PC(12:0)|LPC(13:0)|LPC(O-14:0),-0.0546879177623903,7.414090462231041,0.10539975817556879,0.7454434909729953,0.9569603822860729,3,3,Cell Line_ HEP,Cell Line_ HEK,PC,1797.520119,2482.980164,2935.580204,2217.760151,2580.820183,3065.840225,2466.760174
PC(16:0)|PC(O-17:0)|LPC(O-18:0),-0.08513604957002963,7.613621551274132,0.2563046629653769,0.6126703436872337,0.9569603822860729,3,3,Cell Line_ HEP,Cell Line_ HEK,PC,2352.980171,2769.62022,3512.680244,2792.700226,3565.840225,3276.180248,2314.320168
PC(21:0)|LPC(22:0)|PC(O-22:0),-0.09579971620746171,7.8472153280532355,0.32548353759972315,0.5683307258783395,0.9569603822860729,3,3,Cell Line_ HEP,Cell Line_ HEK,PC,3076.320198,3636.920261,3691.360271,3922.560242,3786.960289,4133.900318,2249.140167
FA(14:4),-0.03723359070280262,8.591118756055776,0.04947138635577275,0.823985666684029,0.9624663321436601,3,3,Cell Line_ HEP,Cell Line_ HEK,FA,4133.560295,7160.860497,7721.920578,5126.400368,7399.780483,7731.300545,3332.660213
FA(15:3),0.04220951519311452,8.152547340021192,0.06338789693207048,0.8012192092574025,0.9624663321436601,3,3,Cell Line_ HEP,Cell Line_ HEK,FA,3563.700264,4735.14035,5737.380447,3957.640289,4543.440323,5883.00042,2605.340183
FA(18:6),-0.04221155589740593,11.291686678777978,0.06400762607501065,0.8002703114396406,0.9624663321436601,3,3,Cell Line_ HEP,Cell Line_ HEK,FA,28782.94196,44260.24292,55080.90369,37036.68243,46779.92316,52809.46375,17309.1412
FA(20:3),-0.035707442925945306,7.949634343487546,0.04528512988140676,0.8314805997201243,0.9624663321436601,3,3,Cell Line_ HEP,Cell Line_ HEK,FA,2841.840206,4356.680313,4643.640331,3865.280243,4122.380302,4641.860344,2332.300171
FA(22:5),-0.03901720348833454,8.226684634481922,0.054182382703729104,0.8159391592287004,0.9624663321436601,3,3,Cell Line_ HEP,Cell Line_ HEK,FA,3853.08028,4700.500286,5592.120399,4724.640312,4827.680298,5797.000401,2815.86018
FA(24:1),0.03612769014369611,8.785925885602776,0.04662402532247262,0.8290454519962513,0.9624663321436601,3,3,Cell Line_ HEP,Cell Line_ HEK,FA,5541.840416,7967.780586,8902.600601,6692.400471,7899.780609,8229.340561,3430.680237
FA(24:5),-0.04401836305614524,9.249488934919881,0.06935303540524274,0.7922810986581522,0.9624663321436601,3,3,Cell Line_ HEP,Cell Line_ HEK,FA,6661.76049,11224.30082,13214.90092,8713.440575,10611.12081,13945.94088,4298.740295
FA(30:1),0.03546864565219675,9.82863734431117,0.04510297411667352,0.8318147938436157,0.9624663321436601,3,3,Cell Line_ HEP,Cell Line_ HEK,FA,11093.64078,16440.98114,21065.0415,13008.48087,15694.76112,20745.96143,5440.700443
FA(32:5),0.040609652870144196,9.08527499141389,0.058992933646507595,0.8080947882853966,0.9624663321436601,3,3,Cell Line_ HEP,Cell Line_ HEK,FA,6695.920464,10233.26068,11424.46082,8253.500626,8805.740608,11773.88084,3698.360226
FA(36:4),0.041794272751130485,8.788532751809937,0.06240116622579717,0.8027402763707432,0.9624663321436601,3,3,Cell Line_ HEP,Cell Line_ HEK,FA,5962.740398,7268.260544,9403.160645,6593.420444,7470.14045,9134.560638,3213.740219
LPC(22:2),-0.045671629396246353,7.761087113869331,0.07387989246299753,0.7857692241812145,0.9624663321436601,3,3,Cell Line_ HEP,Cell Line_ HEK,PC,2658.640179,3153.860226,3797.580307,3184.160198,3557.140255,3728.900242,2616.46019
LPC(O-20:4),0.03652664580718638,7.647441499030663,0.04719197277711373,0.8280235461583306,0.9624663321436601,3,3,Cell Line_ HEP,Cell Line_ HEK,PC,2573.28019,3383.880245,3063.340225,2909.940212,3400.980232,3032.140221,2430.440163
FA(15:2),0.034452726552781573,7.789630854805303,0.042074946316788875,0.8374769770268784,0.9639708954319799,3,3,Cell Line_ HEP,Cell Line_ HEK,FA,2780.860226,3706.380264,3938.240307,3437.180252,3669.140266,3557.700241,2357.040165
FA(29:0),-0.03179448281787336,10.196046756229407,0.03626925370764411,0.848960529135967,0.972125787248957,3,3,Cell Line_ HEP,Cell Line_ HEK,FA,12763.18091,21163.2814,28489.36212,17971.00122,20788.12149,26591.1618,6769.060425
FA(12:0),-0.025064238335313564,11.772041202884607,0.022576193456188776,0.8805644101336915,0.9725263068763627,3,3,Cell Line_ HEP,Cell Line_ HEK,FA,32525.26251,68875.86499,89276.80627,42125.92319,69770.82489,85996.40607,19471.36136
FA(13:1),-0.02249832219302765,9.392198744280028,0.018126175955444523,0.8929016634557518,0.9725263068763627,3,3,Cell Line_ HEP,Cell Line_ HEK,FA,6053.260406,13651.92096,15213.82106,9578.680706,12310.94087,13991.72098,5104.160378
FA(17:1),-0.02106956324622266,7.772214352761428,0.015724753228738564,0.9002081720737326,0.9725263068763627,3,3,Cell Line_ HEP,Cell Line_ HEK,FA,2885.680195,2997.000195,3832.560303,3343.740242,3599.560257,3501.34026,2603.400162
FA(17:2),-0.021384813016747103,8.954584589520337,0.016346059965570703,0.8982663264845633,0.9725263068763627,3,3,Cell Line_ HEP,Cell Line_ HEK,FA,5278.400375,7989.740608,11102.60077,7377.300522,7941.90049,10062.24073,4681.540371
FA(27:1),-0.028791190117093118,9.455634403309574,0.02968518238890283,0.8632064924880923,0.9725263068763627,3,3,Cell Line_ HEP,Cell Line_ HEK,FA,8887.020676,12141.22092,13746.02106,10969.56067,13492.52098,12606.80089,5409.960396
FA(33:0),0.020541735333931707,9.710265922927245,0.015125873556712577,0.9021171624871237,0.9725263068763627,3,3,Cell Line_ HEP,Cell Line_ HEK,FA,10352.04066,15046.02106,20252.1214,10741.78083,16065.72101,20357.72162,4086.460278
FA(34:6),-0.029828957109830526,9.064038845559674,0.031827534214272646,0.8584067051537069,0.9725263068763627,3,3,Cell Line_ HEP,Cell Line_ HEK,FA,6251.260445,9480.780636,11755.62081,7321.360535,10357.60069,11557.86084,3633.320255
FA(36:5),-0.02133037189472822,8.671906172146889,0.016244415123843226,0.8985814110501968,0.9725263068763627,3,3,Cell Line_ HEP,Cell Line_ HEK,FA,5094.120415,6621.68045,8704.40065,6288.120468,7145.24049,8194.960526,3121.400215
FA(6:1),0.022323110603471044,19.38494580888033,0.017922300030477345,0.8935020561480383,0.9725263068763627,3,3,Cell Line_ HEP,Cell Line_ HEK,FA,8491731.172,13417756.07,13135031.44,11515363.95,11756658.18,12596248.78,4880420.875
LPC(10:0)|PC(O-10:0),-0.024539408471851404,7.4205005082193445,0.021253814560285633,0.8840896329957396,0.9725263068763627,3,3,Cell Line_ HEP,Cell Line_ HEK,PC,1927.400139,2781.560177,3150.760204,2405.420166,2685.980202,3286.760239,1971.020138
LPC(12:0),-0.029865496281843956,7.367497567116567,0.031421432567483976,0.8593034486037435,0.9725263068763627,3,3,Cell Line_ HEP,Cell Line_ HEK,PC,2019.140133,2448.460155,2616.740177,2418.160191,2480.300182,2785.640205,2208.520161
PC(19:0)|LPC(20:0)|PC(O-20:0),0.02708612377855511,7.559491107837149,0.025919896155130573,0.8720961006690667,0.9725263068763627,3,3,Cell Line_ HEP,Cell Line_ HEK,PC,2333.600178,3068.280205,2996.620213,2756.740189,2794.240196,3198.500237,2392.340172
FA(40:6),-0.019675735398233318,8.149864029450566,0.013773747913132794,0.9065735031782556,0.9725861369048275,3,3,Cell Line_ HEP,Cell Line_ HEK,FA,3605.520267,4754.380333,5341.180389,4114.900311,4822.380344,5776.6604,2522.500187
FA(14:1),-0.012759678333905537,9.978044099382823,0.005838636053141499,0.9390921437992324,0.9738997603851559,3,3,Cell Line_ HEP,Cell Line_ HEK,FA,12013.82086,18387.64127,21429.48146,14397.54103,18628.28135,21564.74147,6910.840454
FA(15:1),0.011892907388512019,8.290735005651339,0.005037622816709941,0.9434166869838404,0.9738997603851559,3,3,Cell Line_ HEP,Cell Line_ HEK,FA,3556.180237,5409.420361,6535.800476,4645.460312,5159.440392,6115.660408,2852.32019
FA(22:1),0.011028594854294286,8.702765872530334,0.004342544745938426,0.9474590429086359,0.9738997603851559,3,3,Cell Line_ HEP,Cell Line_ HEK,FA,4899.680363,6864.280472,8834.960602,5931.02042,6870.720486,8513.060684,3763.060257
FA(24:10),0.012354891381538783,8.92006624749093,0.0054560376877712535,0.9411178085890992,0.9738997603851559,3,3,Cell Line_ HEP,Cell Line_ HEK,FA,5807.460381,8516.480621,10162.70077,7703.460579,8086.200569,9367.420666,3844.70026
FA(25:1),0.0117584814560097,8.659614205227411,0.004935306820733842,0.9439932943131945,0.9738997603851559,3,3,Cell Line_ HEP,Cell Line_ HEK,FA,4956.940376,7393.340477,7664.080521,6506.680428,6874.100487,7305.440506,3425.800228
FA(28:4),0.017390891258163177,8.915938059162805,0.010809787604902255,0.9171930541291373,0.9738997603851559,3,3,Cell Line_ HEP,Cell Line_ HEK,FA,5992.860413,8065.400581,10146.58076,7213.940514,7916.300583,9899.560699,3978.220268
FA(30:6),-0.011922862009734962,9.19402353885826,0.005087029074515637,0.9431403627332869,0.9738997603851559,3,3,Cell Line_ HEP,Cell Line_ HEK,FA,6614.540466,10525.04077,12831.60088,9140.860645,10057.72069,11927.38087,4340.360271
FA(32:1),0.016153102954811798,9.160967492275624,0.009335957882854018,0.9230259806498935,0.9738997603851559,3,3,Cell Line_ HEP,Cell Line_ HEK,FA,6654.380447,10373.10068,12336.62097,8204.360546,9801.58062,12207.54094,4333.580303
FA(34:1),-0.016152026850950713,9.132367836070326,0.00933334925280338,0.9230367019255684,0.9738997603851559,3,3,Cell Line_ HEP,Cell Line_ HEK,FA,6690.78046,9472.500656,12004.28084,7700.660542,9819.960659,12338.76083,4421.580296
FA(10:3),0.005353977826135719,11.692074094286543,0.0010301054253432085,0.9743960870285718,0.9890865184429782,3,3,Cell Line_ HEP,Cell Line_ HEK,FA,29131.54184,64517.88477,89798.78503,39570.86261,63461.78455,81915.74548,18861.10143
PC(20:0)|LPC(21:0)|PC(O-21:0),0.005393469624399393,7.609772181514893,0.0010279142137505914,0.9744233241519502,0.9890865184429782,3,3,Cell Line_ HEP,Cell Line_ HEK,PC,2485.000191,2673.880196,3266.200195,2714.700203,3067.640221,3154.100224,2652.4002
PC(20:1)|PC(O-21:1),0.00513154522685047,7.6137201504464365,9.308840968955678e-4,0.9756600046179604,0.9890865184429782,3,3,Cell Line_ HEP,Cell Line_ HEK,PC,2285.32016,3153.360214,3245.120255,2994.640217,3019.560204,3031.620201,2529.000183
FA(34:5),0.0028290766957332733,8.912962951134032,2.86091339290806e-4,0.9865050366537733,0.9955142150707028,3,3,Cell Line_ HEP,Cell Line_ HEK,FA,5888.520416,8491.460518,10017.06085,6869.180473,8352.040562,10331.84073,3664.260242
FA(24:6),-0.0012232099018189041,9.074836740926978,5.351748802695511e-5,0.994163075872728,0.9986819989448769,3,3,Cell Line_ HEP,Cell Line_ HEK,FA,5727.340378,9844.120735,11833.94083,7711.420494,8949.1007,11623.12072,4414.820351
FA(19:5),-1.4553061241780806e-4,8.59682409875259,7.556835601718603e-7,0.9993063985475243,0.9993063985475243,3,3,Cell Line_ HEP,Cell Line_ HEK,FA,4544.760303,6481.100471,7827.260536,5592.960415,6359.300449,7742.020554,3634.34029
