Lipid,Retention_Time,OzESI_Intensity,group_by_ion,group_by_lipid,Sample_ID,Transition,Sample,Parent_Ion,Product_Ion,Species,Class,Possible_Lipids,Peak_Height,FWHM,Peak_Width,Peak_Area,Filter_Column,STD_RT_ON,STD_RT_OFF,STD_RT_Dif,n_value,Adjusted_RT
FA(15:1)_<>_n-6 ,6.0797,2505.0,10,17,FAME_on,339.3 -> 183.0,FAME,339.3,183.0,15:1,FA,FA(10:0) | FA(14:1)_<>_n-5 | FA(15:1)_<>_n-6 | FA(16:1)_<>_n-7 | FA(17:1)_<>_n-8 | FA(18:1)_<>_n-9 | FA(18:2)_<F>_n-9 | FA(18:3)_<FF>_n-9 | FA(20:1)_<>_n-11 | FA(20:2)_<F>_n-11 | FA(20:3)_<FF>_n-11 | FA(20:4)_<FFF>_n-11 | FA(20:5)_<FFFF>_n-11 | FA(22:1)_<>_n-13 | FA(22:2)_<F>_n-13 | FA(22:6)_<FFFFF>_n-13 | FA(24:1)_<>_n-15,2505.0,0.1052085137594956,0.10493333333333332,262.85799999999995,group_by_lipid,8.195483333333334,8.169266666666667,-0.026216666666666555,6,6.053483333333333
FA(16:1)_<>_n-7 ,6.91915,289019.0,10,30,FAME_on,339.3 -> 183.0,FAME,339.3,183.0,16:1,FA,FA(10:0) | FA(14:1)_<>_n-5 | FA(15:1)_<>_n-6 | FA(16:1)_<>_n-7 | FA(17:1)_<>_n-8 | FA(18:1)_<>_n-9 | FA(18:2)_<F>_n-9 | FA(18:3)_<FF>_n-9 | FA(20:1)_<>_n-11 | FA(20:2)_<F>_n-11 | FA(20:3)_<FF>_n-11 | FA(20:4)_<FFF>_n-11 | FA(20:5)_<FFFF>_n-11 | FA(22:1)_<>_n-13 | FA(22:2)_<F>_n-13 | FA(22:6)_<FFFFF>_n-13 | FA(24:1)_<>_n-15,289019.0,0.10221400835211054,0.10493333333333332,30327.727066666663,group_by_lipid,8.195483333333334,8.169266666666667,-0.026216666666666555,7,6.892933333333334
FA(16:1)_<>_n-8 ,6.920066666666667,2562.0,8,31,FAME_on,325.2 -> 183.0,FAME,325.2,183.0,16:1,FA,FA(9:0) | FA(14:1)_<>_n-6 | FA(15:1)_<>_n-7 | FA(16:1)_<>_n-8 | FA(17:1)_<>_n-9 | FA(18:1)_<>_n-10 | FA(18:2)_<F>_n-10 | FA(18:3)_<FF>_n-10 | FA(20:1)_<>_n-12 | FA(20:2)_<F>_n-12 | FA(20:3)_<FF>_n-12 | FA(20:4)_<FFF>_n-12 | FA(20:5)_<FFFF>_n-12 | FA(22:1)_<>_n-14 | FA(22:2)_<F>_n-14 | FA(22:6)_<FFFFF>_n-14 | FA(24:1)_<>_n-16,2562.0,0.05742119276427263,0.07869999999999955,201.62939999999884,group_by_lipid,8.195483333333334,8.169266666666667,-0.026216666666666555,8,6.8938500000000005
FA(16:1)_<>_n-9 ,6.920966666666667,1432.0,6,32,FAME_on,311.3 -> 183.0,FAME,311.3,183.0,16:1,FA,FA(8:0) | FA(14:1)_<>_n-7 | FA(15:1)_<>_n-8 | FA(16:1)_<>_n-9 | FA(17:1)_<>_n-10 | FA(18:1)_<>_n-11 | FA(18:2)_<F>_n-11 | FA(18:3)_<FF>_n-11 | FA(20:1)_<>_n-13 | FA(20:2)_<F>_n-13 | FA(20:3)_<FF>_n-13 | FA(20:4)_<FFF>_n-13 | FA(20:5)_<FFFF>_n-13 | FA(22:1)_<>_n-15 | FA(22:2)_<F>_n-15 | FA(22:6)_<FFFFF>_n-15 | FA(24:1)_<>_n-17,1432.0,0.08875825242934234,0.10493333333333332,150.2645333333333,group_by_lipid,8.195483333333334,8.169266666666667,-0.026216666666666555,9,6.89475
FA(17:1)_<>_n-5 ,7.833683333333334,1249.0,18,41,FAME_on,381.3 -> 183.0,FAME,381.3,183.0,17:1,FA,FA(13:0) | FA(14:1)_<>_n-2 | FA(15:1)_<>_n-3 | FA(16:1)_<>_n-4 | FA(17:1)_<>_n-5 | FA(18:1)_<>_n-6 | FA(18:2)_<F>_n-6 | FA(18:3)_<FF>_n-6 | FA(20:1)_<>_n-8 | FA(20:2)_<F>_n-8 | FA(20:3)_<FF>_n-8 | FA(20:4)_<FFF>_n-8 | FA(20:5)_<FFFF>_n-8 | FA(22:1)_<>_n-10 | FA(22:2)_<F>_n-10 | FA(22:6)_<FFFFF>_n-10 | FA(24:1)_<>_n-12,1249.0,0.06799455886092158,0.05246666666666666,65.53086666666665,group_by_lipid,8.195483333333334,8.169266666666667,-0.026216666666666555,5,7.807466666666667
FA(17:1)_<>_n-7 ,7.810166666666667,398124.0,12,43,FAME_on,353.3 -> 183.0,FAME,353.3,183.0,17:1,FA,FA(11:0) | FA(14:1)_<>_n-4 | FA(15:1)_<>_n-5 | FA(16:1)_<>_n-6 | FA(17:1)_<>_n-7 | FA(18:1)_<>_n-8 | FA(18:2)_<F>_n-8 | FA(18:3)_<FF>_n-8 | FA(20:1)_<>_n-10 | FA(20:2)_<F>_n-10 | FA(20:3)_<FF>_n-10 | FA(20:4)_<FFF>_n-10 | FA(20:5)_<FFFF>_n-10 | FA(22:1)_<>_n-12 | FA(22:2)_<F>_n-12 | FA(22:6)_<FFFFF>_n-12 | FA(24:1)_<>_n-14,398124.0,0.10991987639903991,0.10493333333333332,41776.47839999999,group_by_lipid,8.195483333333334,8.169266666666667,-0.026216666666666555,7,7.783950000000001
FA(17:1)_<>_n-9 ,7.811983333333334,1771.0,8,45,FAME_on,325.2 -> 183.0,FAME,325.2,183.0,17:1,FA,FA(9:0) | FA(14:1)_<>_n-6 | FA(15:1)_<>_n-7 | FA(16:1)_<>_n-8 | FA(17:1)_<>_n-9 | FA(18:1)_<>_n-10 | FA(18:2)_<F>_n-10 | FA(18:3)_<FF>_n-10 | FA(20:1)_<>_n-12 | FA(20:2)_<F>_n-12 | FA(20:3)_<FF>_n-12 | FA(20:4)_<FFF>_n-12 | FA(20:5)_<FFFF>_n-12 | FA(22:1)_<>_n-14 | FA(22:2)_<F>_n-14 | FA(22:6)_<FFFFF>_n-14 | FA(24:1)_<>_n-16,1771.0,0.06335493292361119,0.05246666666666666,92.91846666666666,group_by_lipid,8.195483333333334,8.169266666666667,-0.026216666666666555,9,7.785766666666667
FA(18:1)_<>_n-9 ,8.755466666666667,816327.0,10,59,FAME_on,339.3 -> 183.0,FAME,339.3,183.0,18:1,FA,FA(10:0) | FA(14:1)_<>_n-5 | FA(15:1)_<>_n-6 | FA(16:1)_<>_n-7 | FA(17:1)_<>_n-8 | FA(18:1)_<>_n-9 | FA(18:2)_<F>_n-9 | FA(18:3)_<FF>_n-9 | FA(20:1)_<>_n-11 | FA(20:2)_<F>_n-11 | FA(20:3)_<FF>_n-11 | FA(20:4)_<FFF>_n-11 | FA(20:5)_<FFFF>_n-11 | FA(22:1)_<>_n-13 | FA(22:2)_<F>_n-13 | FA(22:6)_<FFFFF>_n-13 | FA(24:1)_<>_n-15,816327.0,0.11356352420299774,0.13118333333333254,107088.49694999936,group_by_lipid,8.195483333333334,8.169266666666667,-0.026216666666666555,9,8.72925
FA(18:1)_<>_n-11 ,8.757283333333334,1133.0,6,47,FAME_on,311.3 -> 183.0,FAME,311.3,183.0,18:1,FA,FA(8:0) | FA(14:1)_<>_n-7 | FA(15:1)_<>_n-8 | FA(16:1)_<>_n-9 | FA(17:1)_<>_n-10 | FA(18:1)_<>_n-11 | FA(18:2)_<F>_n-11 | FA(18:3)_<FF>_n-11 | FA(20:1)_<>_n-13 | FA(20:2)_<F>_n-13 | FA(20:3)_<FF>_n-13 | FA(20:4)_<FFF>_n-13 | FA(20:5)_<FFFF>_n-13 | FA(22:1)_<>_n-15 | FA(22:2)_<F>_n-15 | FA(22:6)_<FFFFF>_n-15 | FA(24:1)_<>_n-17,1133.0,0.1133197620007748,0.13116666666666532,148.61183333333182,group_by_lipid,8.195483333333334,8.169266666666667,-0.026216666666666555,11,8.731066666666667
FA(18:2)_<F>_n-5 ,8.042183333333334,5316.0,21,78,FAME_on,395.4 -> 183.0,FAME,395.4,183.0,18:2,FA,FA(14:0) | FA(15:1)_<>_n-2 | FA(16:1)_<>_n-3 | FA(17:1)_<>_n-4 | FA(18:1)_<>_n-5 | FA(18:2)_<F>_n-5 | FA(18:3)_<FF>_n-5 | FA(20:1)_<>_n-7 | FA(20:2)_<F>_n-7 | FA(20:3)_<FF>_n-7 | FA(20:4)_<FFF>_n-7 | FA(20:5)_<FFFF>_n-7 | FA(22:1)_<>_n-9 | FA(22:2)_<F>_n-9 | FA(22:6)_<FFFFF>_n-9 | FA(24:1)_<>_n-11,5316.0,0.10354902085391898,0.10493333333333243,557.8255999999952,group_by_lipid,8.195483333333334,8.169266666666667,-0.026216666666666555,5,8.015966666666667
FA(18:2)_<F>_n-6 ,8.04355,4271.0,18,79,FAME_on,381.3 -> 183.0,FAME,381.3,183.0,18:2,FA,FA(13:0) | FA(14:1)_<>_n-2 | FA(15:1)_<>_n-3 | FA(16:1)_<>_n-4 | FA(17:1)_<>_n-5 | FA(18:1)_<>_n-6 | FA(18:2)_<F>_n-6 | FA(18:3)_<FF>_n-6 | FA(20:1)_<>_n-8 | FA(20:2)_<F>_n-8 | FA(20:3)_<FF>_n-8 | FA(20:4)_<FFF>_n-8 | FA(20:5)_<FFFF>_n-8 | FA(22:1)_<>_n-10 | FA(22:2)_<F>_n-10 | FA(22:6)_<FFFFF>_n-10 | FA(24:1)_<>_n-12,4271.0,0.08774257771692122,0.07869999999999955,336.1276999999981,group_by_lipid,8.195483333333334,8.169266666666667,-0.026216666666666555,6,8.017333333333333
FA(18:2)_<B>_n-6 ,8.044,416199.0,17,66,FAME_on,379.3 -> 183.0,FAME,379.3,183.0,18:2,FA,FA(18:2)_<B>_n-6 | FA(18:3)_<BF>_n-6 | FA(20:2)_<B>_n-8 | FA(20:3)_<BF>_n-8 | FA(20:4)_<BFF>_n-8 | FA(20:5)_<BFFF>_n-8 | FA(22:2)_<B>_n-10 | FA(22:6)_<BFFFF>_n-10,416199.0,0.1156392954761986,0.1311666666666662,54591.43549999981,group_by_lipid,8.195483333333334,8.169266666666667,-0.026216666666666555,6,8.017783333333334
FA(18:2)_<F>_n-7 ,8.044916666666667,3203.0,15,80,FAME_on,367.3 -> 183.0,FAME,367.3,183.0,18:2,FA,FA(12:0) | FA(14:1)_<>_n-3 | FA(15:1)_<>_n-4 | FA(16:1)_<>_n-5 | FA(17:1)_<>_n-6 | FA(18:1)_<>_n-7 | FA(18:2)_<F>_n-7 | FA(18:3)_<FF>_n-7 | FA(20:1)_<>_n-9 | FA(20:2)_<F>_n-9 | FA(20:3)_<FF>_n-9 | FA(20:4)_<FFF>_n-9 | FA(20:5)_<FFFF>_n-9 | FA(22:1)_<>_n-11 | FA(22:2)_<F>_n-11 | FA(22:6)_<FFFFF>_n-11 | FA(24:1)_<>_n-13,3203.0,0.07796842885657124,0.07870000000000044,252.0761000000014,group_by_lipid,8.195483333333334,8.169266666666667,-0.026216666666666555,7,8.0187
FA(18:2)_<B>_n-7 ,8.045366666666666,2773.0,14,67,FAME_on,365.2 -> 183.0,FAME,365.2,183.0,18:2,FA,FA(18:2)_<B>_n-7 | FA(18:3)_<BF>_n-7 | FA(20:2)_<B>_n-9 | FA(20:3)_<BF>_n-9 | FA(20:4)_<BFF>_n-9 | FA(20:5)_<BFFF>_n-9 | FA(22:2)_<B>_n-11 | FA(22:6)_<BFFFF>_n-11,2773.0,0.0774707314395002,0.07869999999999955,218.23509999999874,group_by_lipid,8.195483333333334,8.169266666666667,-0.026216666666666555,7,8.01915
FA(18:2)_<F>_n-9 ,8.047183333333333,305479.0,10,82,FAME_on,339.3 -> 183.0,FAME,339.3,183.0,18:2,FA,FA(10:0) | FA(14:1)_<>_n-5 | FA(15:1)_<>_n-6 | FA(16:1)_<>_n-7 | FA(17:1)_<>_n-8 | FA(18:1)_<>_n-9 | FA(18:2)_<F>_n-9 | FA(18:3)_<FF>_n-9 | FA(20:1)_<>_n-11 | FA(20:2)_<F>_n-11 | FA(20:3)_<FF>_n-11 | FA(20:4)_<FFF>_n-11 | FA(20:5)_<FFFF>_n-11 | FA(22:1)_<>_n-13 | FA(22:2)_<F>_n-13 | FA(22:6)_<FFFFF>_n-13 | FA(24:1)_<>_n-15,305479.0,0.11261536261934248,0.10493333333333332,32054.92973333333,group_by_lipid,8.195483333333334,8.169266666666667,-0.026216666666666555,9,8.020966666666666
FA(18:2)_<B>_n-9 ,8.047633333333334,1156.0,9,68,FAME_on,337.2 -> 183.0,FAME,337.2,183.0,18:2,FA,FA(18:2)_<B>_n-9 | FA(18:3)_<BF>_n-9 | FA(20:2)_<B>_n-11 | FA(20:3)_<BF>_n-11 | FA(20:4)_<BFF>_n-11 | FA(20:5)_<BFFF>_n-11 | FA(22:2)_<B>_n-13 | FA(22:6)_<BFFFF>_n-13,1156.0,0.06724771911282779,0.07870000000000044,90.97720000000051,group_by_lipid,8.195483333333334,8.169266666666667,-0.026216666666666555,9,8.021416666666667
FA(18:2)_<F>_n-10 ,8.048083333333334,2106.0,8,69,FAME_on,325.2 -> 183.0,FAME,325.2,183.0,18:2,FA,FA(9:0) | FA(14:1)_<>_n-6 | FA(15:1)_<>_n-7 | FA(16:1)_<>_n-8 | FA(17:1)_<>_n-9 | FA(18:1)_<>_n-10 | FA(18:2)_<F>_n-10 | FA(18:3)_<FF>_n-10 | FA(20:1)_<>_n-12 | FA(20:2)_<F>_n-12 | FA(20:3)_<FF>_n-12 | FA(20:4)_<FFF>_n-12 | FA(20:5)_<FFFF>_n-12 | FA(22:1)_<>_n-14 | FA(22:2)_<F>_n-14 | FA(22:6)_<FFFFF>_n-14 | FA(24:1)_<>_n-16,2106.0,0.07495857319456033,0.07869999999999955,165.74219999999906,group_by_lipid,8.195483333333334,8.169266666666667,-0.026216666666666555,10,8.021866666666668
FA(18:2)_<F>_n-11 ,8.049000000000001,1772.0,6,70,FAME_on,311.3 -> 183.0,FAME,311.3,183.0,18:2,FA,FA(8:0) | FA(14:1)_<>_n-7 | FA(15:1)_<>_n-8 | FA(16:1)_<>_n-9 | FA(17:1)_<>_n-10 | FA(18:1)_<>_n-11 | FA(18:2)_<F>_n-11 | FA(18:3)_<FF>_n-11 | FA(20:1)_<>_n-13 | FA(20:2)_<F>_n-13 | FA(20:3)_<FF>_n-13 | FA(20:4)_<FFF>_n-13 | FA(20:5)_<FFFF>_n-13 | FA(22:1)_<>_n-15 | FA(22:2)_<F>_n-15 | FA(22:6)_<FFFFF>_n-15 | FA(24:1)_<>_n-17,1772.0,0.09841532423347922,0.10493333333333332,185.94186666666664,group_by_lipid,8.195483333333334,8.169266666666667,-0.026216666666666555,11,8.022783333333335
FA(18:2)_<B>_n-11 ,8.04945,1934.0,5,61,FAME_on,309.1 -> 183.0,FAME,309.1,183.0,18:2,FA,FA(18:2)_<B>_n-11 | FA(18:3)_<BF>_n-11 | FA(20:2)_<B>_n-13 | FA(20:3)_<BF>_n-13 | FA(20:4)_<BFF>_n-13 | FA(20:5)_<BFFF>_n-13 | FA(22:2)_<B>_n-15 | FA(22:6)_<BFFFF>_n-15,1934.0,0.06581974125962499,0.07870000000000044,152.20580000000083,group_by_lipid,8.195483333333334,8.169266666666667,-0.026216666666666555,11,8.023233333333334
FA(18:3)_<BF>_n-5 ,6.78345,6072.0,20,93,FAME_on,393.4 -> 183.0,FAME,393.4,183.0,18:3,FA,FA(18:2)_<B>_n-5 | FA(18:3)_<BF>_n-5 | FA(20:2)_<B>_n-7 | FA(20:3)_<BF>_n-7 | FA(20:4)_<BFF>_n-7 | FA(20:5)_<BFFF>_n-7 | FA(22:2)_<B>_n-9 | FA(22:6)_<BFFFF>_n-9,6072.0,0.1057824225581079,0.10493333333333332,637.1551999999999,group_by_lipid,8.195483333333334,8.169266666666667,-0.026216666666666555,5,6.757233333333334
FA(18:3)_<BB>_n-6 ,6.785266666666667,248709.0,16,85,FAME_on,377.2 -> 183.0,FAME,377.2,183.0,18:3,FA,FA(18:3)_<BB>_n-6 | FA(20:3)_<BB>_n-8 | FA(20:4)_<BBF>_n-8 | FA(20:5)_<BBFF>_n-8 | FA(22:6)_<BBFFF>_n-10,248709.0,0.10169707486131127,0.10493333333333332,26097.8644,group_by_lipid,8.195483333333334,8.169266666666667,-0.026216666666666555,6,6.75905
FA(18:3)_<FF>_n-8 ,6.787083333333333,3397.0,12,108,FAME_on,353.3 -> 183.0,FAME,353.3,183.0,18:3,FA,FA(11:0) | FA(14:1)_<>_n-4 | FA(15:1)_<>_n-5 | FA(16:1)_<>_n-6 | FA(17:1)_<>_n-7 | FA(18:1)_<>_n-8 | FA(18:2)_<F>_n-8 | FA(18:3)_<FF>_n-8 | FA(20:1)_<>_n-10 | FA(20:2)_<F>_n-10 | FA(20:3)_<FF>_n-10 | FA(20:4)_<FFF>_n-10 | FA(20:5)_<FFFF>_n-10 | FA(22:1)_<>_n-12 | FA(22:2)_<F>_n-12 | FA(22:6)_<FFFFF>_n-12 | FA(24:1)_<>_n-14,3397.0,0.12268086329042369,0.1311666666666671,445.57316666666816,group_by_lipid,8.195483333333334,8.169266666666667,-0.026216666666666555,8,6.760866666666667
FA(18:3)_<BF>_n-9 ,6.78845,180697.0,9,96,FAME_on,337.2 -> 183.0,FAME,337.2,183.0,18:3,FA,FA(18:2)_<B>_n-9 | FA(18:3)_<BF>_n-9 | FA(20:2)_<B>_n-11 | FA(20:3)_<BF>_n-11 | FA(20:4)_<BFF>_n-11 | FA(20:5)_<BFFF>_n-11 | FA(22:2)_<B>_n-13 | FA(22:6)_<BFFFF>_n-13,180697.0,0.09758718763027406,0.10493333333333332,18961.13853333333,group_by_lipid,8.195483333333334,8.169266666666667,-0.026216666666666555,9,6.7622333333333335
FA(18:3)_<FF>_n-10 ,6.7889,2918.0,8,97,FAME_on,325.2 -> 183.0,FAME,325.2,183.0,18:3,FA,FA(9:0) | FA(14:1)_<>_n-6 | FA(15:1)_<>_n-7 | FA(16:1)_<>_n-8 | FA(17:1)_<>_n-9 | FA(18:1)_<>_n-10 | FA(18:2)_<F>_n-10 | FA(18:3)_<FF>_n-10 | FA(20:1)_<>_n-12 | FA(20:2)_<F>_n-12 | FA(20:3)_<FF>_n-12 | FA(20:4)_<FFF>_n-12 | FA(20:5)_<FFFF>_n-12 | FA(22:1)_<>_n-14 | FA(22:2)_<F>_n-14 | FA(22:6)_<FFFFF>_n-14 | FA(24:1)_<>_n-16,2918.0,0.3956664853016095,0.3934999999999995,1148.2329999999986,group_by_lipid,8.195483333333334,8.169266666666667,-0.026216666666666555,10,6.762683333333333
FA(18:3)_<FF>_n-12 ,6.790716666666667,91296.0,4,99,FAME_on,297.2 -> 183.0,FAME,297.2,183.0,18:3,FA,FA(14:1)_<>_n-8 | FA(15:1)_<>_n-9 | FA(16:1)_<>_n-10 | FA(17:1)_<>_n-11 | FA(18:1)_<>_n-12 | FA(18:2)_<F>_n-12 | FA(18:3)_<FF>_n-12 | FA(20:1)_<>_n-14 | FA(20:2)_<F>_n-14 | FA(20:3)_<FF>_n-14 | FA(20:4)_<FFF>_n-14 | FA(20:5)_<FFFF>_n-14 | FA(22:1)_<>_n-16 | FA(22:2)_<F>_n-16 | FA(22:6)_<FFFFF>_n-16 | FA(24:1)_<>_n-18,91296.0,0.09451247778184359,0.10493333333333332,9579.9936,group_by_lipid,8.195483333333334,8.169266666666667,-0.026216666666666555,12,6.764500000000001
FA(20:1)_<>_n-9 ,10.641983333333334,311583.0,15,124,FAME_on,367.3 -> 183.0,FAME,367.3,183.0,20:1,FA,FA(12:0) | FA(14:1)_<>_n-3 | FA(15:1)_<>_n-4 | FA(16:1)_<>_n-5 | FA(17:1)_<>_n-6 | FA(18:1)_<>_n-7 | FA(18:2)_<F>_n-7 | FA(18:3)_<FF>_n-7 | FA(20:1)_<>_n-9 | FA(20:2)_<F>_n-9 | FA(20:3)_<FF>_n-9 | FA(20:4)_<FFF>_n-9 | FA(20:5)_<FFFF>_n-9 | FA(22:1)_<>_n-11 | FA(22:2)_<F>_n-11 | FA(22:6)_<FFFFF>_n-11 | FA(24:1)_<>_n-13,311583.0,0.138894917758811,0.1311666666666671,40869.30350000013,group_by_lipid,8.195483333333334,8.169266666666667,-0.026216666666666555,9,10.615766666666667
FA(20:1)_<>_n-10 ,10.64335,1536.0,12,110,FAME_on,353.3 -> 183.0,FAME,353.3,183.0,20:1,FA,FA(11:0) | FA(14:1)_<>_n-4 | FA(15:1)_<>_n-5 | FA(16:1)_<>_n-6 | FA(17:1)_<>_n-7 | FA(18:1)_<>_n-8 | FA(18:2)_<F>_n-8 | FA(18:3)_<FF>_n-8 | FA(20:1)_<>_n-10 | FA(20:2)_<F>_n-10 | FA(20:3)_<FF>_n-10 | FA(20:4)_<FFF>_n-10 | FA(20:5)_<FFFF>_n-10 | FA(22:1)_<>_n-12 | FA(22:2)_<F>_n-12 | FA(22:6)_<FFFFF>_n-12 | FA(24:1)_<>_n-14,1536.0,0.10518419854280689,0.10493333333333332,161.17759999999998,group_by_lipid,8.195483333333334,8.169266666666667,-0.026216666666666555,10,10.617133333333333
FA(20:2)_<F>_n-5 ,9.350200000000001,7833.0,29,145,FAME_on,423.4 -> 183.0,FAME,423.4,183.0,20:2,FA,FA(16:0) | FA(17:1)_<>_n-2 | FA(18:1)_<>_n-3 | FA(18:2)_<F>_n-3 | FA(18:3)_<FF>_n-3 | FA(20:1)_<>_n-5 | FA(20:2)_<F>_n-5 | FA(20:3)_<FF>_n-5 | FA(20:4)_<FFF>_n-5 | FA(20:5)_<FFFF>_n-5 | FA(22:1)_<>_n-7 | FA(22:2)_<F>_n-7 | FA(22:6)_<FFFFF>_n-7 | FA(24:1)_<>_n-9,7833.0,0.07628929505143245,0.07869999999999955,616.4570999999964,group_by_lipid,8.195483333333334,8.169266666666667,-0.026216666666666555,5,9.323983333333334
FA(20:2)_<F>_n-6 ,9.351566666666667,4500.0,26,146,FAME_on,409.4 -> 183.0,FAME,409.4,183.0,20:2,FA,FA(15:0) | FA(16:1)_<>_n-2 | FA(17:1)_<>_n-3 | FA(18:1)_<>_n-4 | FA(18:2)_<F>_n-4 | FA(18:3)_<FF>_n-4 | FA(20:1)_<>_n-6 | FA(20:2)_<F>_n-6 | FA(20:3)_<FF>_n-6 | FA(20:4)_<FFF>_n-6 | FA(20:5)_<FFFF>_n-6 | FA(22:1)_<>_n-8 | FA(22:2)_<F>_n-8 | FA(22:6)_<FFFFF>_n-8 | FA(24:1)_<>_n-10,4500.0,0.1090758269122122,0.10493333333333332,472.19999999999993,group_by_lipid,8.195483333333334,8.169266666666667,-0.026216666666666555,6,9.32535
FA(20:2)_<B>_n-6 ,9.352016666666668,368363.0,25,131,FAME_on,407.4 -> 183.0,FAME,407.4,183.0,20:2,FA,FA(18:2)_<B>_n-4 | FA(18:3)_<BF>_n-4 | FA(20:2)_<B>_n-6 | FA(20:3)_<BF>_n-6 | FA(20:4)_<BFF>_n-6 | FA(20:5)_<BFFF>_n-6 | FA(22:2)_<B>_n-8 | FA(22:6)_<BFFFF>_n-8,368363.0,0.0031184217584952047,0.10446666666666538,38481.654733332856,group_by_lipid,8.195483333333334,8.169266666666667,-0.026216666666666555,6,9.325800000000001
FA(20:2)_<F>_n-7 ,9.353850000000001,4419.0,21,147,FAME_on,395.4 -> 183.0,FAME,395.4,183.0,20:2,FA,FA(14:0) | FA(15:1)_<>_n-2 | FA(16:1)_<>_n-3 | FA(17:1)_<>_n-4 | FA(18:1)_<>_n-5 | FA(18:2)_<F>_n-5 | FA(18:3)_<FF>_n-5 | FA(20:1)_<>_n-7 | FA(20:2)_<F>_n-7 | FA(20:3)_<FF>_n-7 | FA(20:4)_<FFF>_n-7 | FA(20:5)_<FFFF>_n-7 | FA(22:1)_<>_n-9 | FA(22:2)_<F>_n-9 | FA(22:6)_<FFFFF>_n-9 | FA(24:1)_<>_n-11,4419.0,0.11469536984334178,0.1049166666666661,463.6267499999975,group_by_lipid,8.195483333333334,8.169266666666667,-0.026216666666666555,7,9.327633333333335
FA(20:2)_<B>_n-7 ,9.3543,2482.0,20,132,FAME_on,393.4 -> 183.0,FAME,393.4,183.0,20:2,FA,FA(18:2)_<B>_n-5 | FA(18:3)_<BF>_n-5 | FA(20:2)_<B>_n-7 | FA(20:3)_<BF>_n-7 | FA(20:4)_<BFF>_n-7 | FA(20:5)_<BFFF>_n-7 | FA(22:2)_<B>_n-9 | FA(22:6)_<BFFFF>_n-9,2482.0,0.11407229037039139,0.10493333333333332,260.4445333333333,group_by_lipid,8.195483333333334,8.169266666666667,-0.026216666666666555,7,9.328083333333334
FA(20:2)_<F>_n-9 ,9.356566666666668,239190.0,15,149,FAME_on,367.3 -> 183.0,FAME,367.3,183.0,20:2,FA,FA(12:0) | FA(14:1)_<>_n-3 | FA(15:1)_<>_n-4 | FA(16:1)_<>_n-5 | FA(17:1)_<>_n-6 | FA(18:1)_<>_n-7 | FA(18:2)_<F>_n-7 | FA(18:3)_<FF>_n-7 | FA(20:1)_<>_n-9 | FA(20:2)_<F>_n-9 | FA(20:3)_<FF>_n-9 | FA(20:4)_<FFF>_n-9 | FA(20:5)_<FFFF>_n-9 | FA(22:1)_<>_n-11 | FA(22:2)_<F>_n-11 | FA(22:6)_<FFFFF>_n-11 | FA(24:1)_<>_n-13,239190.0,0.1104887939468783,0.10493333333333332,25099.003999999997,group_by_lipid,8.195483333333334,8.169266666666667,-0.026216666666666555,9,9.330350000000001
FA(20:2)_<F>_n-10 ,9.357933333333333,1985.0,12,135,FAME_on,353.3 -> 183.0,FAME,353.3,183.0,20:2,FA,FA(11:0) | FA(14:1)_<>_n-4 | FA(15:1)_<>_n-5 | FA(16:1)_<>_n-6 | FA(17:1)_<>_n-7 | FA(18:1)_<>_n-8 | FA(18:2)_<F>_n-8 | FA(18:3)_<FF>_n-8 | FA(20:1)_<>_n-10 | FA(20:2)_<F>_n-10 | FA(20:3)_<FF>_n-10 | FA(20:4)_<FFF>_n-10 | FA(20:5)_<FFFF>_n-10 | FA(22:1)_<>_n-12 | FA(22:2)_<F>_n-12 | FA(22:6)_<FFFFF>_n-12 | FA(24:1)_<>_n-14,1985.0,0.11378869414143468,0.10493333333333332,208.29266666666663,group_by_lipid,8.195483333333334,8.169266666666667,-0.026216666666666555,10,9.331716666666667
FA(20:3)_<FF>_n-6 ,8.302233333333334,3675.0,26,177,FAME_on,409.4 -> 183.0,FAME,409.4,183.0,20:3,FA,FA(15:0) | FA(16:1)_<>_n-2 | FA(17:1)_<>_n-3 | FA(18:1)_<>_n-4 | FA(18:2)_<F>_n-4 | FA(18:3)_<FF>_n-4 | FA(20:1)_<>_n-6 | FA(20:2)_<F>_n-6 | FA(20:3)_<FF>_n-6 | FA(20:4)_<FFF>_n-6 | FA(20:5)_<FFFF>_n-6 | FA(22:1)_<>_n-8 | FA(22:2)_<F>_n-8 | FA(22:6)_<FFFFF>_n-8 | FA(24:1)_<>_n-10,3675.0,0.11873926797385422,0.1311666666666671,482.03750000000156,group_by_lipid,8.195483333333334,8.169266666666667,-0.026216666666666555,6,8.276016666666667
FA(20:3)_<BF>_n-6 ,8.276466666666668,180874.0,25,162,FAME_on,407.4 -> 183.0,FAME,407.4,183.0,20:3,FA,FA(18:2)_<B>_n-4 | FA(18:3)_<BF>_n-4 | FA(20:2)_<B>_n-6 | FA(20:3)_<BF>_n-6 | FA(20:4)_<BFF>_n-6 | FA(20:5)_<BFFF>_n-6 | FA(22:2)_<B>_n-8 | FA(22:6)_<BFFFF>_n-8,180874.0,0.0031204461316876,0.1044833333333326,18898.3184333332,group_by_lipid,8.195483333333334,8.169266666666667,-0.026216666666666555,6,8.250250000000001
FA(20:3)_<BB>_n-6 ,8.303600000000001,211913.0,23,153,FAME_on,405.2 -> 183.0,FAME,405.2,183.0,20:3,FA,FA(18:3)_<BB>_n-4 | FA(20:3)_<BB>_n-6 | FA(20:4)_<BBF>_n-6 | FA(20:5)_<BBFF>_n-6 | FA(22:6)_<BBFFF>_n-8,211913.0,0.11410240762485549,0.10493333333333332,22236.737466666666,group_by_lipid,8.195483333333334,8.169266666666667,-0.026216666666666555,6,8.277383333333335
FA(20:3)_<FF>_n-7 ,8.278283333333334,4169.0,21,178,FAME_on,395.4 -> 183.0,FAME,395.4,183.0,20:3,FA,FA(14:0) | FA(15:1)_<>_n-2 | FA(16:1)_<>_n-3 | FA(17:1)_<>_n-4 | FA(18:1)_<>_n-5 | FA(18:2)_<F>_n-5 | FA(18:3)_<FF>_n-5 | FA(20:1)_<>_n-7 | FA(20:2)_<F>_n-7 | FA(20:3)_<FF>_n-7 | FA(20:4)_<FFF>_n-7 | FA(20:5)_<FFFF>_n-7 | FA(22:1)_<>_n-9 | FA(22:2)_<F>_n-9 | FA(22:6)_<FFFFF>_n-9 | FA(24:1)_<>_n-11,4169.0,0.08639326841209172,0.07869999999999955,328.10029999999813,group_by_lipid,8.195483333333334,8.169266666666667,-0.026216666666666555,7,8.252066666666668
FA(20:3)_<BF>_n-7 ,8.278733333333333,3968.0,20,163,FAME_on,393.4 -> 183.0,FAME,393.4,183.0,20:3,FA,FA(18:2)_<B>_n-5 | FA(18:3)_<BF>_n-5 | FA(20:2)_<B>_n-7 | FA(20:3)_<BF>_n-7 | FA(20:4)_<BFF>_n-7 | FA(20:5)_<BFFF>_n-7 | FA(22:2)_<B>_n-9 | FA(22:6)_<BFFFF>_n-9,3968.0,0.12132388620504773,0.1311666666666671,520.469333333335,group_by_lipid,8.195483333333334,8.169266666666667,-0.026216666666666555,7,8.252516666666667
FA(20:3)_<FF>_n-8 ,8.305883333333334,3492.0,18,179,FAME_on,381.3 -> 183.0,FAME,381.3,183.0,20:3,FA,FA(13:0) | FA(14:1)_<>_n-2 | FA(15:1)_<>_n-3 | FA(16:1)_<>_n-4 | FA(17:1)_<>_n-5 | FA(18:1)_<>_n-6 | FA(18:2)_<F>_n-6 | FA(18:3)_<FF>_n-6 | FA(20:1)_<>_n-8 | FA(20:2)_<F>_n-8 | FA(20:3)_<FF>_n-8 | FA(20:4)_<FFF>_n-8 | FA(20:5)_<FFFF>_n-8 | FA(22:1)_<>_n-10 | FA(22:2)_<F>_n-10 | FA(22:6)_<FFFFF>_n-10 | FA(24:1)_<>_n-12,3492.0,0.09549816913179046,0.10493333333333332,366.42719999999997,group_by_lipid,8.195483333333334,8.169266666666667,-0.026216666666666555,8,8.279666666666667
FA(20:3)_<BB>_n-8 ,8.28055,1083.0,16,154,FAME_on,377.2 -> 183.0,FAME,377.2,183.0,20:3,FA,FA(18:3)_<BB>_n-6 | FA(20:3)_<BB>_n-8 | FA(20:4)_<BBF>_n-8 | FA(20:5)_<BBFF>_n-8 | FA(22:6)_<BBFFF>_n-10,1083.0,0.13299393713040544,0.1311666666666671,142.05350000000047,group_by_lipid,8.195483333333334,8.169266666666667,-0.026216666666666555,8,8.254333333333333
FA(20:3)_<FF>_n-9 ,8.281016666666668,182506.0,15,180,FAME_on,367.3 -> 183.0,FAME,367.3,183.0,20:3,FA,FA(12:0) | FA(14:1)_<>_n-3 | FA(15:1)_<>_n-4 | FA(16:1)_<>_n-5 | FA(17:1)_<>_n-6 | FA(18:1)_<>_n-7 | FA(18:2)_<F>_n-7 | FA(18:3)_<FF>_n-7 | FA(20:1)_<>_n-9 | FA(20:2)_<F>_n-9 | FA(20:3)_<FF>_n-9 | FA(20:4)_<FFF>_n-9 | FA(20:5)_<FFFF>_n-9 | FA(22:1)_<>_n-11 | FA(22:2)_<F>_n-11 | FA(22:6)_<FFFFF>_n-11 | FA(24:1)_<>_n-13,182506.0,0.10258512000798792,0.07869999999999955,14363.222199999918,group_by_lipid,8.195483333333334,8.169266666666667,-0.026216666666666555,9,8.254800000000001
FA(20:3)_<BF>_n-9 ,8.3077,188856.0,14,165,FAME_on,365.2 -> 183.0,FAME,365.2,183.0,20:3,FA,FA(18:2)_<B>_n-7 | FA(18:3)_<BF>_n-7 | FA(20:2)_<B>_n-9 | FA(20:3)_<BF>_n-9 | FA(20:4)_<BFF>_n-9 | FA(20:5)_<BFFF>_n-9 | FA(22:2)_<B>_n-11 | FA(22:6)_<BFFFF>_n-11,188856.0,0.11190660874652562,0.10493333333333332,19817.289599999996,group_by_lipid,8.195483333333334,8.169266666666667,-0.026216666666666555,9,8.281483333333334
FA(20:3)_<FF>_n-10 ,8.3086,8016.0,12,166,FAME_on,353.3 -> 183.0,FAME,353.3,183.0,20:3,FA,FA(11:0) | FA(14:1)_<>_n-4 | FA(15:1)_<>_n-5 | FA(16:1)_<>_n-6 | FA(17:1)_<>_n-7 | FA(18:1)_<>_n-8 | FA(18:2)_<F>_n-8 | FA(18:3)_<FF>_n-8 | FA(20:1)_<>_n-10 | FA(20:2)_<F>_n-10 | FA(20:3)_<FF>_n-10 | FA(20:4)_<FFF>_n-10 | FA(20:5)_<FFFF>_n-10 | FA(22:1)_<>_n-12 | FA(22:2)_<F>_n-12 | FA(22:6)_<FFFFF>_n-12 | FA(24:1)_<>_n-14,8016.0,0.06521663674068166,0.05246666666666577,420.57279999999287,group_by_lipid,8.195483333333334,8.169266666666667,-0.026216666666666555,10,8.282383333333334
FA(20:3)_<BF>_n-11 ,8.283733333333334,1928.0,9,156,FAME_on,337.2 -> 183.0,FAME,337.2,183.0,20:3,FA,FA(18:2)_<B>_n-9 | FA(18:3)_<BF>_n-9 | FA(20:2)_<B>_n-11 | FA(20:3)_<BF>_n-11 | FA(20:4)_<BFF>_n-11 | FA(20:5)_<BFFF>_n-11 | FA(22:2)_<B>_n-13 | FA(22:6)_<BFFFF>_n-13,1928.0,0.12946745249557032,0.1311666666666671,252.88933333333415,group_by_lipid,8.195483333333334,8.169266666666667,-0.026216666666666555,11,8.257516666666668
FA(20:3)_<FF>_n-12 ,8.310416666666667,172442.0,8,168,FAME_on,325.2 -> 183.0,FAME,325.2,183.0,20:3,FA,FA(9:0) | FA(14:1)_<>_n-6 | FA(15:1)_<>_n-7 | FA(16:1)_<>_n-8 | FA(17:1)_<>_n-9 | FA(18:1)_<>_n-10 | FA(18:2)_<F>_n-10 | FA(18:3)_<FF>_n-10 | FA(20:1)_<>_n-12 | FA(20:2)_<F>_n-12 | FA(20:3)_<FF>_n-12 | FA(20:4)_<FFF>_n-12 | FA(20:5)_<FFFF>_n-12 | FA(22:1)_<>_n-14 | FA(22:2)_<F>_n-14 | FA(22:6)_<FFFFF>_n-14 | FA(24:1)_<>_n-16,172442.0,0.10732886831837048,0.10493333333333332,18094.913866666666,group_by_lipid,8.195483333333334,8.169266666666667,-0.026216666666666555,12,8.2842
FA(20:3)_<BF>_n-12 ,8.284633333333334,1263.0,7,157,FAME_on,323.2 -> 183.0,FAME,323.2,183.0,20:3,FA,FA(18:2)_<B>_n-10 | FA(18:3)_<BF>_n-10 | FA(20:2)_<B>_n-12 | FA(20:3)_<BF>_n-12 | FA(20:4)_<BFF>_n-12 | FA(20:5)_<BFFF>_n-12 | FA(22:2)_<B>_n-14 | FA(22:6)_<BFFFF>_n-14,1263.0,0.1376464680219042,0.1573999999999991,198.79619999999886,group_by_lipid,8.195483333333334,8.169266666666667,-0.026216666666666555,12,8.258416666666667
FA(20:3)_<FF>_n-13 ,8.311316666666666,1443.0,6,169,FAME_on,311.3 -> 183.0,FAME,311.3,183.0,20:3,FA,FA(8:0) | FA(14:1)_<>_n-7 | FA(15:1)_<>_n-8 | FA(16:1)_<>_n-9 | FA(17:1)_<>_n-10 | FA(18:1)_<>_n-11 | FA(18:2)_<F>_n-11 | FA(18:3)_<FF>_n-11 | FA(20:1)_<>_n-13 | FA(20:2)_<F>_n-13 | FA(20:3)_<FF>_n-13 | FA(20:4)_<FFF>_n-13 | FA(20:5)_<FFFF>_n-13 | FA(22:1)_<>_n-15 | FA(22:2)_<F>_n-15 | FA(22:6)_<FFFFF>_n-15 | FA(24:1)_<>_n-17,1443.0,0.12136459967774801,0.1311666666666671,189.2735000000006,group_by_lipid,8.195483333333334,8.169266666666667,-0.026216666666666555,13,8.2851
FA(20:4)_<BBB>_n-6 ,7.622000000000001,184445.0,22,182,FAME_on,403.2 -> 183.0,FAME,403.2,183.0,20:4,FA,FA(20:4)_<BBB>_n-6 | FA(20:5)_<BBBF>_n-6 | FA(22:6)_<BBBFF>_n-8,184445.0,0.10392965318492298,0.10493333333333332,19354.428666666663,group_by_lipid,8.195483333333334,8.169266666666667,-0.026216666666666555,6,7.595783333333334
FA(20:4)_<BBF>_n-9 ,7.626083333333334,217272.0,13,189,FAME_on,363.3 -> 183.0,FAME,363.3,183.0,20:4,FA,FA(18:3)_<BB>_n-7 | FA(20:3)_<BB>_n-9 | FA(20:4)_<BBF>_n-9 | FA(20:5)_<BBFF>_n-9 | FA(22:6)_<BBFFF>_n-11,217272.0,0.10212424266503393,0.10493333333333332,22799.0752,group_by_lipid,8.195483333333334,8.169266666666667,-0.026216666666666555,9,7.599866666666667
FA(20:4)_<BFF>_n-12 ,7.628816666666667,222133.0,7,191,FAME_on,323.2 -> 183.0,FAME,323.2,183.0,20:4,FA,FA(18:2)_<B>_n-10 | FA(18:3)_<BF>_n-10 | FA(20:2)_<B>_n-12 | FA(20:3)_<BF>_n-12 | FA(20:4)_<BFF>_n-12 | FA(20:5)_<BFFF>_n-12 | FA(22:2)_<B>_n-14 | FA(22:6)_<BFFFF>_n-14,222133.0,0.10090450370116097,0.10493333333333332,23309.15613333333,group_by_lipid,8.195483333333334,8.169266666666667,-0.026216666666666555,12,7.602600000000001
FA(20:4)_<FFF>_n-15 ,7.630616666666667,105182.0,3,205,FAME_on,283.3 -> 183.0,FAME,283.3,183.0,20:4,FA,FA(14:1)_<>_n-9 | FA(15:1)_<>_n-10 | FA(16:1)_<>_n-11 | FA(17:1)_<>_n-12 | FA(18:1)_<>_n-13 | FA(18:2)_<F>_n-13 | FA(18:3)_<FF>_n-13 | FA(20:1)_<>_n-15 | FA(20:2)_<F>_n-15 | FA(20:3)_<FF>_n-15 | FA(20:4)_<FFF>_n-15 | FA(20:5)_<FFFF>_n-15 | FA(22:1)_<>_n-17 | FA(22:2)_<F>_n-17 | FA(22:6)_<FFFFF>_n-17 | FA(24:1)_<>_n-19,105182.0,0.0031330318898467285,0.1044833333333326,10989.76596666659,group_by_lipid,8.195483333333334,8.169266666666667,-0.026216666666666555,15,7.6044
FA(20:5)_<BBBB>_n-3 ,6.698366666666667,110158.0,33,214,FAME_on,443.3 -> 183.0,FAME,443.3,183.0,20:5,FA,FA(20:5)_<BBBB>_n-3 | FA(22:6)_<BBBBF>_n-5,110158.0,0.09089001320388462,0.07870000000000044,8669.434600000048,group_by_lipid,8.195483333333334,8.169266666666667,-0.026216666666666555,3,6.67215
FA(20:5)_<BBBB>_n-4 ,6.6997333333333335,1000.0,30,215,FAME_on,429.2 -> 183.0,FAME,429.2,183.0,20:5,FA,FA(20:5)_<BBBB>_n-4 | FA(22:6)_<BBBBF>_n-6,1000.0,0.19107422284064818,0.20985000000000031,209.8500000000003,group_by_lipid,8.195483333333334,8.169266666666667,-0.026216666666666555,4,6.673516666666667
FA(20:5)_<BBFF>_n-6 ,6.67715,1701.0,23,222,FAME_on,405.2 -> 183.0,FAME,405.2,183.0,20:5,FA,FA(18:3)_<BB>_n-4 | FA(20:3)_<BB>_n-6 | FA(20:4)_<BBF>_n-6 | FA(20:5)_<BBFF>_n-6 | FA(22:6)_<BBFFF>_n-8,1701.0,0.17742306870608626,0.15739999999999998,267.7374,group_by_lipid,8.195483333333334,8.169266666666667,-0.026216666666666555,6,6.650933333333334
FA(20:5)_<BBBF>_n-6 ,6.703833333333334,83534.0,22,217,FAME_on,403.2 -> 183.0,FAME,403.2,183.0,20:5,FA,FA(20:4)_<BBB>_n-6 | FA(20:5)_<BBBF>_n-6 | FA(22:6)_<BBBFF>_n-8,83534.0,0.09257949387889425,0.07869999999999955,6574.1257999999625,group_by_lipid,8.195483333333334,8.169266666666667,-0.026216666666666555,6,6.677616666666667
FA(20:5)_<BBBF>_n-7 ,6.678966666666667,1635.0,19,218,FAME_on,389.3 -> 183.0,FAME,389.3,183.0,20:5,FA,FA(20:4)_<BBB>_n-7 | FA(20:5)_<BBBF>_n-7 | FA(22:6)_<BBBFF>_n-9,1635.0,0.12010528884449354,0.10493333333333332,171.56599999999997,group_by_lipid,8.195483333333334,8.169266666666667,-0.026216666666666555,7,6.65275
FA(20:5)_<BBFF>_n-9 ,6.6817,129704.0,13,224,FAME_on,363.3 -> 183.0,FAME,363.3,183.0,20:5,FA,FA(18:3)_<BB>_n-7 | FA(20:3)_<BB>_n-9 | FA(20:4)_<BBF>_n-9 | FA(20:5)_<BBFF>_n-9 | FA(22:6)_<BBFFF>_n-11,129704.0,0.0962372161544,0.10493333333333332,13610.273066666665,group_by_lipid,8.195483333333334,8.169266666666667,-0.026216666666666555,9,6.655483333333334
FA(20:5)_<BBFF>_n-10 ,6.682600000000001,2136.0,11,219,FAME_on,349.2 -> 183.0,FAME,349.2,183.0,20:5,FA,FA(18:3)_<BB>_n-8 | FA(20:3)_<BB>_n-10 | FA(20:4)_<BBF>_n-10 | FA(20:5)_<BBFF>_n-10 | FA(22:6)_<BBFFF>_n-12,2136.0,0.1782704611606301,0.18363333333333376,392.2408000000009,group_by_lipid,8.195483333333334,8.169266666666667,-0.026216666666666555,10,6.656383333333334
FA(20:5)_<BFFF>_n-12 ,6.684416666666667,148719.0,7,226,FAME_on,323.2 -> 183.0,FAME,323.2,183.0,20:5,FA,FA(18:2)_<B>_n-10 | FA(18:3)_<BF>_n-10 | FA(20:2)_<B>_n-12 | FA(20:3)_<BF>_n-12 | FA(20:4)_<BFF>_n-12 | FA(20:5)_<BFFF>_n-12 | FA(22:2)_<B>_n-14 | FA(22:6)_<BFFFF>_n-14,148719.0,0.09463543477000615,0.10493333333333332,15605.580399999999,group_by_lipid,8.195483333333334,8.169266666666667,-0.026216666666666555,12,6.658200000000001
FA(20:5)_<FFFF>_n-13 ,6.684866666666667,2189.0,6,237,FAME_on,311.3 -> 183.0,FAME,311.3,183.0,20:5,FA,FA(8:0) | FA(14:1)_<>_n-7 | FA(15:1)_<>_n-8 | FA(16:1)_<>_n-9 | FA(17:1)_<>_n-10 | FA(18:1)_<>_n-11 | FA(18:2)_<F>_n-11 | FA(18:3)_<FF>_n-11 | FA(20:1)_<>_n-13 | FA(20:2)_<F>_n-13 | FA(20:3)_<FF>_n-13 | FA(20:4)_<FFF>_n-13 | FA(20:5)_<FFFF>_n-13 | FA(22:1)_<>_n-15 | FA(22:2)_<F>_n-15 | FA(22:6)_<FFFFF>_n-15 | FA(24:1)_<>_n-17,2189.0,0.14184523419842812,0.1311666666666671,287.1238333333343,group_by_lipid,8.195483333333334,8.169266666666667,-0.026216666666666555,13,6.658650000000001
FA(20:5)_<BFFF>_n-13 ,6.685316666666667,3405.0,5,227,FAME_on,309.1 -> 183.0,FAME,309.1,183.0,20:5,FA,FA(18:2)_<B>_n-11 | FA(18:3)_<BF>_n-11 | FA(20:2)_<B>_n-13 | FA(20:3)_<BF>_n-13 | FA(20:4)_<BFF>_n-13 | FA(20:5)_<BFFF>_n-13 | FA(22:2)_<B>_n-15 | FA(22:6)_<BFFFF>_n-15,3405.0,0.18800935877527192,0.18363333333333376,625.2715000000014,group_by_lipid,8.195483333333334,8.169266666666667,-0.026216666666666555,13,6.6591000000000005
FA(20:5)_<FFFF>_n-15 ,6.686233333333334,70811.0,3,239,FAME_on,283.3 -> 183.0,FAME,283.3,183.0,20:5,FA,FA(14:1)_<>_n-9 | FA(15:1)_<>_n-10 | FA(16:1)_<>_n-11 | FA(17:1)_<>_n-12 | FA(18:1)_<>_n-13 | FA(18:2)_<F>_n-13 | FA(18:3)_<FF>_n-13 | FA(20:1)_<>_n-15 | FA(20:2)_<F>_n-15 | FA(20:3)_<FF>_n-15 | FA(20:4)_<FFF>_n-15 | FA(20:5)_<FFFF>_n-15 | FA(22:1)_<>_n-17 | FA(22:2)_<F>_n-17 | FA(22:6)_<FFFFF>_n-17 | FA(24:1)_<>_n-19,70811.0,0.0031417297529652685,0.10448333333333348,7398.569316666677,group_by_lipid,8.195483333333334,8.169266666666667,-0.026216666666666555,15,6.660016666666667
FA(22:1)_<>_n-9 ,12.580516666666668,189823.0,21,263,FAME_on,395.4 -> 183.0,FAME,395.4,183.0,22:1,FA,FA(14:0) | FA(15:1)_<>_n-2 | FA(16:1)_<>_n-3 | FA(17:1)_<>_n-4 | FA(18:1)_<>_n-5 | FA(18:2)_<F>_n-5 | FA(18:3)_<FF>_n-5 | FA(20:1)_<>_n-7 | FA(20:2)_<F>_n-7 | FA(20:3)_<FF>_n-7 | FA(20:4)_<FFF>_n-7 | FA(20:5)_<FFFF>_n-7 | FA(22:1)_<>_n-9 | FA(22:2)_<F>_n-9 | FA(22:6)_<FFFFF>_n-9 | FA(24:1)_<>_n-11,189823.0,0.1850458091992018,0.18363333333333465,34857.83023333358,group_by_lipid,8.195483333333334,8.169266666666667,-0.026216666666666555,9,12.554300000000001
FA(22:1)_<>_n-11 ,12.557,1043.0,15,248,FAME_on,367.3 -> 183.0,FAME,367.3,183.0,22:1,FA,FA(12:0) | FA(14:1)_<>_n-3 | FA(15:1)_<>_n-4 | FA(16:1)_<>_n-5 | FA(17:1)_<>_n-6 | FA(18:1)_<>_n-7 | FA(18:2)_<F>_n-7 | FA(18:3)_<FF>_n-7 | FA(20:1)_<>_n-9 | FA(20:2)_<F>_n-9 | FA(20:3)_<FF>_n-9 | FA(20:4)_<FFF>_n-9 | FA(20:5)_<FFFF>_n-9 | FA(22:1)_<>_n-11 | FA(22:2)_<F>_n-11 | FA(22:6)_<FFFFF>_n-11 | FA(24:1)_<>_n-13,1043.0,0.1399339297918632,0.1573999999999991,164.16819999999905,group_by_lipid,8.195483333333334,8.169266666666667,-0.026216666666666555,11,12.530783333333334
FA(22:2)_<F>_n-6 ,11.210916666666668,3194.0,32,288,FAME_on,437.4 -> 183.0,FAME,437.4,183.0,22:2,FA,FA(17:0) | FA(18:1)_<>_n-2 | FA(18:2)_<F>_n-2 | FA(20:1)_<>_n-4 | FA(20:2)_<F>_n-4 | FA(20:3)_<FF>_n-4 | FA(20:4)_<FFF>_n-4 | FA(22:1)_<>_n-6 | FA(22:2)_<F>_n-6 | FA(22:6)_<FFFFF>_n-6 | FA(24:1)_<>_n-8,3194.0,0.12669837995533537,0.10493333333333332,335.15706666666665,group_by_lipid,8.195483333333334,8.169266666666667,-0.026216666666666555,6,11.184700000000001
FA(22:2)_<B>_n-6 ,11.211383333333334,176850.0,31,271,FAME_on,435.4 -> 183.0,FAME,435.4,183.0,22:2,FA,FA(18:2)_<B>_n-2 | FA(18:3)_<BF>_n-2 | FA(20:2)_<B>_n-4 | FA(20:3)_<BF>_n-4 | FA(20:4)_<BFF>_n-4 | FA(20:5)_<BFFF>_n-4 | FA(22:2)_<B>_n-6 | FA(22:6)_<BFFFF>_n-6,176850.0,0.14522322161553658,0.1311666666666671,23196.825000000077,group_by_lipid,8.195483333333334,8.169266666666667,-0.026216666666666555,6,11.185166666666667
FA(22:2)_<F>_n-7 ,11.186516666666668,2804.0,29,289,FAME_on,423.4 -> 183.0,FAME,423.4,183.0,22:2,FA,FA(16:0) | FA(17:1)_<>_n-2 | FA(18:1)_<>_n-3 | FA(18:2)_<F>_n-3 | FA(18:3)_<FF>_n-3 | FA(20:1)_<>_n-5 | FA(20:2)_<F>_n-5 | FA(20:3)_<FF>_n-5 | FA(20:4)_<FFF>_n-5 | FA(20:5)_<FFFF>_n-5 | FA(22:1)_<>_n-7 | FA(22:2)_<F>_n-7 | FA(22:6)_<FFFFF>_n-7 | FA(24:1)_<>_n-9,2804.0,0.14810370771960277,0.15740000000000087,441.34960000000245,group_by_lipid,8.195483333333334,8.169266666666667,-0.026216666666666555,7,11.160300000000001
FA(22:2)_<B>_n-7 ,11.2132,1225.0,28,272,FAME_on,421.4 -> 183.0,FAME,421.4,183.0,22:2,FA,FA(18:2)_<B>_n-3 | FA(18:3)_<BF>_n-3 | FA(20:2)_<B>_n-5 | FA(20:3)_<BF>_n-5 | FA(20:4)_<BFF>_n-5 | FA(20:5)_<BFFF>_n-5 | FA(22:2)_<B>_n-7 | FA(22:6)_<BFFFF>_n-7,1225.0,0.18082994902797836,0.1573999999999991,192.8149999999989,group_by_lipid,8.195483333333334,8.169266666666667,-0.026216666666666555,7,11.186983333333334
FA(22:2)_<F>_n-9 ,11.216383333333335,147151.0,21,291,FAME_on,395.4 -> 183.0,FAME,395.4,183.0,22:2,FA,FA(14:0) | FA(15:1)_<>_n-2 | FA(16:1)_<>_n-3 | FA(17:1)_<>_n-4 | FA(18:1)_<>_n-5 | FA(18:2)_<F>_n-5 | FA(18:3)_<FF>_n-5 | FA(20:1)_<>_n-7 | FA(20:2)_<F>_n-7 | FA(20:3)_<FF>_n-7 | FA(20:4)_<FFF>_n-7 | FA(20:5)_<FFFF>_n-7 | FA(22:1)_<>_n-9 | FA(22:2)_<F>_n-9 | FA(22:6)_<FFFFF>_n-9 | FA(24:1)_<>_n-11,147151.0,0.1543190215603497,0.15740000000000087,23161.567400000127,group_by_lipid,8.195483333333334,8.169266666666667,-0.026216666666666555,9,11.190166666666668
FA(22:2)_<F>_n-10 ,11.21775,1380.0,18,275,FAME_on,381.3 -> 183.0,FAME,381.3,183.0,22:2,FA,FA(13:0) | FA(14:1)_<>_n-2 | FA(15:1)_<>_n-3 | FA(16:1)_<>_n-4 | FA(17:1)_<>_n-5 | FA(18:1)_<>_n-6 | FA(18:2)_<F>_n-6 | FA(18:3)_<FF>_n-6 | FA(20:1)_<>_n-8 | FA(20:2)_<F>_n-8 | FA(20:3)_<FF>_n-8 | FA(20:4)_<FFF>_n-8 | FA(20:5)_<FFFF>_n-8 | FA(22:1)_<>_n-10 | FA(22:2)_<F>_n-10 | FA(22:6)_<FFFFF>_n-10 | FA(24:1)_<>_n-12,1380.0,0.1452367717086859,0.1573999999999991,217.21199999999874,group_by_lipid,8.195483333333334,8.169266666666667,-0.026216666666666555,10,11.191533333333334
FA(22:6)_<BBBBB>_n-3,7.588016666666667,133611.0,38,292,FAME_on,469.4 -> 183.0,FAME,469.4,183.0,22:6,FA,FA(22:6)_<BBBBB>_n-3,133611.0,0.09307692830111712,0.07869999999999955,10515.18569999994,group_by_lipid,8.195483333333334,8.169266666666667,-0.026216666666666555,3,7.561800000000001
FA(22:6)_<BFFFF>_n-5,7.588933333333333,11829.0,36,311,FAME_on,449.4 -> 183.0,FAME,449.4,183.0,22:6,FA,FA(20:2)_<B>_n-3 | FA(20:3)_<BF>_n-3 | FA(20:4)_<BFF>_n-3 | FA(22:2)_<B>_n-5 | FA(22:6)_<BFFFF>_n-5,11829.0,0.0978749586172349,0.07870000000000044,930.9423000000052,group_by_lipid,8.195483333333334,8.169266666666667,-0.026216666666666555,5,7.562716666666667
FA(22:6)_<BBFFF>_n-5,7.589383333333334,682586.0,35,303,FAME_on,447.4 -> 183.0,FAME,447.4,183.0,22:6,FA,FA(20:3)_<BB>_n-3 | FA(20:4)_<BBF>_n-3 | FA(20:5)_<BBFF>_n-3 | FA(22:6)_<BBFFF>_n-5,682586.0,0.09814372217203236,0.07869999999999955,53719.51819999969,group_by_lipid,8.195483333333334,8.169266666666667,-0.026216666666666555,5,7.5631666666666675
FA(22:6)_<BBBFF>_n-5,7.589833333333334,7229.0,34,297,FAME_on,445.4 -> 183.0,FAME,445.4,183.0,22:6,FA,FA(20:4)_<BBB>_n-3 | FA(20:5)_<BBBF>_n-3 | FA(22:6)_<BBBFF>_n-5,7229.0,0.08959080731099041,0.1049166666666661,758.4425833333293,group_by_lipid,8.195483333333334,8.169266666666667,-0.026216666666666555,5,7.563616666666667
FA(22:6)_<BBBBF>_n-6,7.591666666666667,92016.0,30,295,FAME_on,429.2 -> 183.0,FAME,429.2,183.0,22:6,FA,FA(20:5)_<BBBB>_n-4 | FA(22:6)_<BBBBF>_n-6,92016.0,0.09523409567601868,0.07870000000000044,7241.65920000004,group_by_lipid,8.195483333333334,8.169266666666667,-0.026216666666666555,6,7.56545
FA(22:6)_<FFFFF>_n-7 ,7.592583333333334,72011.0,29,327,FAME_on,423.4 -> 183.0,FAME,423.4,183.0,22:6,FA,FA(16:0) | FA(17:1)_<>_n-2 | FA(18:1)_<>_n-3 | FA(18:2)_<F>_n-3 | FA(18:3)_<FF>_n-3 | FA(20:1)_<>_n-5 | FA(20:2)_<F>_n-5 | FA(20:3)_<FF>_n-5 | FA(20:4)_<FFF>_n-5 | FA(20:5)_<FFFF>_n-5 | FA(22:1)_<>_n-7 | FA(22:2)_<F>_n-7 | FA(22:6)_<FFFFF>_n-7 | FA(24:1)_<>_n-9,72011.0,0.09963416011771568,0.10493333333333332,7556.354266666666,group_by_lipid,8.195483333333334,8.169266666666667,-0.026216666666666555,7,7.566366666666667
FA(22:6)_<BFFFF>_n-8,7.5944,1911.0,25,314,FAME_on,407.4 -> 183.0,FAME,407.4,183.0,22:6,FA,FA(18:2)_<B>_n-4 | FA(18:3)_<BF>_n-4 | FA(20:2)_<B>_n-6 | FA(20:3)_<BF>_n-6 | FA(20:4)_<BFF>_n-6 | FA(20:5)_<BFFF>_n-6 | FA(22:2)_<B>_n-8 | FA(22:6)_<BFFFF>_n-8,1911.0,0.004373402878078061,0.13071666666666637,249.79954999999944,group_by_lipid,8.195483333333334,8.169266666666667,-0.026216666666666555,8,7.568183333333334
FA(22:6)_<BBFFF>_n-8,7.595316666666667,7133.0,23,305,FAME_on,405.2 -> 183.0,FAME,405.2,183.0,22:6,FA,FA(18:3)_<BB>_n-4 | FA(20:3)_<BB>_n-6 | FA(20:4)_<BBF>_n-6 | FA(20:5)_<BBFF>_n-6 | FA(22:6)_<BBFFF>_n-8,7133.0,0.11747114759840968,0.10493333333333332,748.4894666666665,group_by_lipid,8.195483333333334,8.169266666666667,-0.026216666666666555,8,7.569100000000001
FA(22:6)_<FFFFF>_n-9 ,7.569983333333334,4958.0,21,329,FAME_on,395.4 -> 183.0,FAME,395.4,183.0,22:6,FA,FA(14:0) | FA(15:1)_<>_n-2 | FA(16:1)_<>_n-3 | FA(17:1)_<>_n-4 | FA(18:1)_<>_n-5 | FA(18:2)_<F>_n-5 | FA(18:3)_<FF>_n-5 | FA(20:1)_<>_n-7 | FA(20:2)_<F>_n-7 | FA(20:3)_<FF>_n-7 | FA(20:4)_<FFF>_n-7 | FA(20:5)_<FFFF>_n-7 | FA(22:1)_<>_n-9 | FA(22:2)_<F>_n-9 | FA(22:6)_<FFFFF>_n-9 | FA(24:1)_<>_n-11,4958.0,0.09770988285223502,0.10493333333333332,520.2594666666666,group_by_lipid,8.195483333333334,8.169266666666667,-0.026216666666666555,9,7.543766666666667
FA(22:6)_<BFFFF>_n-9,7.596666666666667,1267.0,20,315,FAME_on,393.4 -> 183.0,FAME,393.4,183.0,22:6,FA,FA(18:2)_<B>_n-5 | FA(18:3)_<BF>_n-5 | FA(20:2)_<B>_n-7 | FA(20:3)_<BF>_n-7 | FA(20:4)_<BFF>_n-7 | FA(20:5)_<BFFF>_n-7 | FA(22:2)_<B>_n-9 | FA(22:6)_<BFFFF>_n-9,1267.0,0.13580792893478652,0.13114999999999988,166.16704999999985,group_by_lipid,8.195483333333334,8.169266666666667,-0.026216666666666555,9,7.57045
FA(22:6)_<BBBFF>_n-9,7.5709,160292.0,19,299,FAME_on,389.3 -> 183.0,FAME,389.3,183.0,22:6,FA,FA(20:4)_<BBB>_n-7 | FA(20:5)_<BBBF>_n-7 | FA(22:6)_<BBBFF>_n-9,160292.0,0.099594170097076,0.10493333333333332,16819.973866666664,group_by_lipid,8.195483333333334,8.169266666666667,-0.026216666666666555,9,7.544683333333333
FA(22:6)_<FFFFF>_n-10 ,7.597583333333334,3709.0,18,316,FAME_on,381.3 -> 183.0,FAME,381.3,183.0,22:6,FA,FA(13:0) | FA(14:1)_<>_n-2 | FA(15:1)_<>_n-3 | FA(16:1)_<>_n-4 | FA(17:1)_<>_n-5 | FA(18:1)_<>_n-6 | FA(18:2)_<F>_n-6 | FA(18:3)_<FF>_n-6 | FA(20:1)_<>_n-8 | FA(20:2)_<F>_n-8 | FA(20:3)_<FF>_n-8 | FA(20:4)_<FFF>_n-8 | FA(20:5)_<FFFF>_n-8 | FA(22:1)_<>_n-10 | FA(22:2)_<F>_n-10 | FA(22:6)_<FFFFF>_n-10 | FA(24:1)_<>_n-12,3709.0,0.13355578211156263,0.1311666666666662,486.49716666666495,group_by_lipid,8.195483333333334,8.169266666666667,-0.026216666666666555,10,7.571366666666667
FA(22:6)_<BFFFF>_n-10,7.5718000000000005,335155.0,17,306,FAME_on,379.3 -> 183.0,FAME,379.3,183.0,22:6,FA,FA(18:2)_<B>_n-6 | FA(18:3)_<BF>_n-6 | FA(20:2)_<B>_n-8 | FA(20:3)_<BF>_n-8 | FA(20:4)_<BFF>_n-8 | FA(20:5)_<BFFF>_n-8 | FA(22:2)_<B>_n-10 | FA(22:6)_<BFFFF>_n-10,335155.0,0.09700573952015047,0.10493333333333332,35168.93133333333,group_by_lipid,8.195483333333334,8.169266666666667,-0.026216666666666555,10,7.545583333333334
FA(22:6)_<BBFFF>_n-10,7.572266666666667,2498.0,16,300,FAME_on,377.2 -> 183.0,FAME,377.2,183.0,22:6,FA,FA(18:3)_<BB>_n-6 | FA(20:3)_<BB>_n-8 | FA(20:4)_<BBF>_n-8 | FA(20:5)_<BBFF>_n-8 | FA(22:6)_<BBFFF>_n-10,2498.0,0.1077778052157013,0.10493333333333332,262.1234666666666,group_by_lipid,8.195483333333334,8.169266666666667,-0.026216666666666555,10,7.54605
FA(22:6)_<FFFFF>_n-11 ,7.59895,4859.0,15,317,FAME_on,367.3 -> 183.0,FAME,367.3,183.0,22:6,FA,FA(12:0) | FA(14:1)_<>_n-3 | FA(15:1)_<>_n-4 | FA(16:1)_<>_n-5 | FA(17:1)_<>_n-6 | FA(18:1)_<>_n-7 | FA(18:2)_<F>_n-7 | FA(18:3)_<FF>_n-7 | FA(20:1)_<>_n-9 | FA(20:2)_<F>_n-9 | FA(20:3)_<FF>_n-9 | FA(20:4)_<FFF>_n-9 | FA(20:5)_<FFFF>_n-9 | FA(22:1)_<>_n-11 | FA(22:2)_<F>_n-11 | FA(22:6)_<FFFFF>_n-11 | FA(24:1)_<>_n-13,4859.0,0.1313453428804306,0.1311666666666662,637.3388333333311,group_by_lipid,8.195483333333334,8.169266666666667,-0.026216666666666555,11,7.572733333333334
FA(22:6)_<BFFFF>_n-11,7.573166666666667,7212.0,14,307,FAME_on,365.2 -> 183.0,FAME,365.2,183.0,22:6,FA,FA(18:2)_<B>_n-7 | FA(18:3)_<BF>_n-7 | FA(20:2)_<B>_n-9 | FA(20:3)_<BF>_n-9 | FA(20:4)_<BFF>_n-9 | FA(20:5)_<BFFF>_n-9 | FA(22:2)_<B>_n-11 | FA(22:6)_<BFFFF>_n-11,7212.0,0.10639839040365051,0.10493333333333332,756.7792,group_by_lipid,8.195483333333334,8.169266666666667,-0.026216666666666555,11,7.546950000000001
FA(22:6)_<FFFFF>_n-12 ,7.574083333333333,2164.0,12,318,FAME_on,353.3 -> 183.0,FAME,353.3,183.0,22:6,FA,FA(11:0) | FA(14:1)_<>_n-4 | FA(15:1)_<>_n-5 | FA(16:1)_<>_n-6 | FA(17:1)_<>_n-7 | FA(18:1)_<>_n-8 | FA(18:2)_<F>_n-8 | FA(18:3)_<FF>_n-8 | FA(20:1)_<>_n-10 | FA(20:2)_<F>_n-10 | FA(20:3)_<FF>_n-10 | FA(20:4)_<FFF>_n-10 | FA(20:5)_<FFFF>_n-10 | FA(22:1)_<>_n-12 | FA(22:2)_<F>_n-12 | FA(22:6)_<FFFFF>_n-12 | FA(24:1)_<>_n-14,2164.0,0.07551666189399407,0.07870000000000044,170.30680000000095,group_by_lipid,8.195483333333334,8.169266666666667,-0.026216666666666555,12,7.547866666666667
FA(22:6)_<BBFFF>_n-12,7.574533333333334,216939.0,11,302,FAME_on,349.2 -> 183.0,FAME,349.2,183.0,22:6,FA,FA(18:3)_<BB>_n-8 | FA(20:3)_<BB>_n-10 | FA(20:4)_<BBF>_n-10 | FA(20:5)_<BBFF>_n-10 | FA(22:6)_<BBFFF>_n-12,216939.0,0.09539472457192949,0.10493333333333332,22764.1324,group_by_lipid,8.195483333333334,8.169266666666667,-0.026216666666666555,12,7.5483166666666675
FA(22:6)_<FFFFF>_n-13 ,7.574983333333334,203691.0,10,319,FAME_on,339.3 -> 183.0,FAME,339.3,183.0,22:6,FA,FA(10:0) | FA(14:1)_<>_n-5 | FA(15:1)_<>_n-6 | FA(16:1)_<>_n-7 | FA(17:1)_<>_n-8 | FA(18:1)_<>_n-9 | FA(18:2)_<F>_n-9 | FA(18:3)_<FF>_n-9 | FA(20:1)_<>_n-11 | FA(20:2)_<F>_n-11 | FA(20:3)_<FF>_n-11 | FA(20:4)_<FFF>_n-11 | FA(20:5)_<FFFF>_n-11 | FA(22:1)_<>_n-13 | FA(22:2)_<F>_n-13 | FA(22:6)_<FFFFF>_n-13 | FA(24:1)_<>_n-15,203691.0,0.09388860823760938,0.10493333333333332,21373.975599999998,group_by_lipid,8.195483333333334,8.169266666666667,-0.026216666666666555,13,7.548766666666667
FA(22:6)_<BFFFF>_n-13,7.575433333333334,3277.0,9,308,FAME_on,337.2 -> 183.0,FAME,337.2,183.0,22:6,FA,FA(18:2)_<B>_n-9 | FA(18:3)_<BF>_n-9 | FA(20:2)_<B>_n-11 | FA(20:3)_<BF>_n-11 | FA(20:4)_<BFF>_n-11 | FA(20:5)_<BFFF>_n-11 | FA(22:2)_<B>_n-13 | FA(22:6)_<BFFFF>_n-13,3277.0,0.11471150107700781,0.10493333333333332,343.8665333333333,group_by_lipid,8.195483333333334,8.169266666666667,-0.026216666666666555,13,7.549216666666667
FA(22:6)_<FFFFF>_n-14 ,7.5758833333333335,4297.0,8,320,FAME_on,325.2 -> 183.0,FAME,325.2,183.0,22:6,FA,FA(9:0) | FA(14:1)_<>_n-6 | FA(15:1)_<>_n-7 | FA(16:1)_<>_n-8 | FA(17:1)_<>_n-9 | FA(18:1)_<>_n-10 | FA(18:2)_<F>_n-10 | FA(18:3)_<FF>_n-10 | FA(20:1)_<>_n-12 | FA(20:2)_<F>_n-12 | FA(20:3)_<FF>_n-12 | FA(20:4)_<FFF>_n-12 | FA(20:5)_<FFFF>_n-12 | FA(22:1)_<>_n-14 | FA(22:2)_<F>_n-14 | FA(22:6)_<FFFFF>_n-14 | FA(24:1)_<>_n-16,4297.0,0.10904635077863382,0.10493333333333332,450.89853333333326,group_by_lipid,8.195483333333334,8.169266666666667,-0.026216666666666555,14,7.549666666666667
FA(22:6)_<FFFFF>_n-15 ,7.603033333333333,3676.0,6,321,FAME_on,311.3 -> 183.0,FAME,311.3,183.0,22:6,FA,FA(8:0) | FA(14:1)_<>_n-7 | FA(15:1)_<>_n-8 | FA(16:1)_<>_n-9 | FA(17:1)_<>_n-10 | FA(18:1)_<>_n-11 | FA(18:2)_<F>_n-11 | FA(18:3)_<FF>_n-11 | FA(20:1)_<>_n-13 | FA(20:2)_<F>_n-13 | FA(20:3)_<FF>_n-13 | FA(20:4)_<FFF>_n-13 | FA(20:5)_<FFFF>_n-13 | FA(22:1)_<>_n-15 | FA(22:2)_<F>_n-15 | FA(22:6)_<FFFFF>_n-15 | FA(24:1)_<>_n-17,3676.0,0.11761865369018454,0.10493333333333332,385.7349333333333,group_by_lipid,8.195483333333334,8.169266666666667,-0.026216666666666555,15,7.576816666666667
FA(22:6)_<BFFFF>_n-15,7.57725,165002.0,5,310,FAME_on,309.1 -> 183.0,FAME,309.1,183.0,22:6,FA,FA(18:2)_<B>_n-11 | FA(18:3)_<BF>_n-11 | FA(20:2)_<B>_n-13 | FA(20:3)_<BF>_n-13 | FA(20:4)_<BFF>_n-13 | FA(20:5)_<BFFF>_n-13 | FA(22:2)_<B>_n-15 | FA(22:6)_<BFFFF>_n-15,165002.0,0.09174769666099408,0.10493333333333332,17314.209866666664,group_by_lipid,8.195483333333334,8.169266666666667,-0.026216666666666555,15,7.551033333333334
FA(22:6)_<FFFFF>_n-16 ,7.5777,1929.0,4,322,FAME_on,297.2 -> 183.0,FAME,297.2,183.0,22:6,FA,FA(14:1)_<>_n-8 | FA(15:1)_<>_n-9 | FA(16:1)_<>_n-10 | FA(17:1)_<>_n-11 | FA(18:1)_<>_n-12 | FA(18:2)_<F>_n-12 | FA(18:3)_<FF>_n-12 | FA(20:1)_<>_n-14 | FA(20:2)_<F>_n-14 | FA(20:3)_<FF>_n-14 | FA(20:4)_<FFF>_n-14 | FA(20:5)_<FFFF>_n-14 | FA(22:1)_<>_n-16 | FA(22:2)_<F>_n-16 | FA(22:6)_<FFFFF>_n-16 | FA(24:1)_<>_n-18,1929.0,0.14592592787838754,0.1311666666666671,253.02050000000082,group_by_lipid,8.195483333333334,8.169266666666667,-0.026216666666666555,16,7.5514833333333335
FA(22:6)_<FFFFF>_n-18 ,7.5790500000000005,64931.0,1,324,FAME_on,269.1 -> 183.0,FAME,269.1,183.0,22:6,FA,FA(14:1)_<>_n-10 | FA(15:1)_<>_n-11 | FA(16:1)_<>_n-12 | FA(17:1)_<>_n-13 | FA(18:1)_<>_n-14 | FA(18:2)_<F>_n-14 | FA(18:3)_<FF>_n-14 | FA(20:1)_<>_n-16 | FA(20:2)_<F>_n-16 | FA(20:3)_<FF>_n-16 | FA(20:4)_<FFF>_n-16 | FA(20:5)_<FFFF>_n-16 | FA(22:1)_<>_n-18 | FA(22:2)_<F>_n-18 | FA(22:6)_<FFFFF>_n-18 | FA(24:1)_<>_n-20,64931.0,0.08940269489064173,0.10493333333333332,6813.426266666666,group_by_lipid,8.195483333333334,8.169266666666667,-0.026216666666666555,18,7.552833333333334
FA(24:1)_<>_n-9,14.544366666666667,68534.0,29,348,FAME_on,423.4 -> 183.0,FAME,423.4,183.0,24:1,FA,FA(16:0) | FA(17:1)_<>_n-2 | FA(18:1)_<>_n-3 | FA(18:2)_<F>_n-3 | FA(18:3)_<FF>_n-3 | FA(20:1)_<>_n-5 | FA(20:2)_<F>_n-5 | FA(20:3)_<FF>_n-5 | FA(20:4)_<FFF>_n-5 | FA(20:5)_<FFFF>_n-5 | FA(22:1)_<>_n-7 | FA(22:2)_<F>_n-7 | FA(22:6)_<FFFFF>_n-7 | FA(24:1)_<>_n-9,68534.0,0.22452375804299118,0.20986666666666665,14383.002133333332,group_by_lipid,8.195483333333334,8.169266666666667,-0.026216666666666555,9,14.51815
